,Program Name,Simulation,Mitigated Methane (kg),Total Cost ($),Mitigation Ratio ($/tonne CO2e),Value of Mitigated Methane ($),NEW Mitigation Ratio ($/tonne CO2e),Region,netmitigation cost $/tCO2,mitigated methane Mt
4,P_truck,basecase,560794.9600876608,207100.0,66.6171472493655,91373.9266837346,13.18918517076615,BV,7.370027088623293,0.0005607949600876608
4,P_truck,basecase,502376.62107533764,194900.0,69.714089308869,81855.45129468477,13.855569693539621,DV,8.036411611396764,0.0005023766210753377
1,P_aircraft,basecase,37532.317473936,13050.0,inf,6115.3816799601755,12.417869717080167,EDM,6.598711634937309,3.7532317473935994e-05
4,P_truck,basecase,542844.1674405504,213100.0,70.77548684190373,88449.0886805621,14.02007195103146,GP,8.200913868888602,0.0005428441674405504
4,P_truck,basecase,584281.0365221376,216500.0,66.15213159066032,95200.66404577688,13.23360228010737,MDP,7.414444197964512,0.0005842810365221376
4,P_truck,basecase,626375.7399991392,229100.0,65.44630306911934,102059.42459647771,13.062675219755642,MH,7.243517137612783,0.0006263757399991392
1,P_aircraft,basecase,95584.42312652161,35150.0,67.39920383459781,15574.184314182505,13.13349081152556,RD,7.314332729382703,9.558442312652161e-05
1,P_aircraft,basecase,33604.0802846784,11450.0,inf,5475.328750683786,12.169015428016944,SL,6.349857345874085,3.36040802846784e-05
4,P_truck,basecase,554785.2934664832,218500.0,70.39044612111024,90394.73308122551,14.06593058697017,WW,8.246772504827312,0.0005547852934664832
