,Program Name,Simulation,Mitigated Methane (kg),Total Cost ($),Mitigation Ratio ($/tonne CO2e),Value of Mitigated Methane ($),Region
0,P_truck,basecase,112158.99201753216,41420.0,13.3234294498731,18274.785336746918,BV
0,P_truck,basecase,100475.32421506752,38980.0,13.9428178617738,16371.090258936954,DV
0,P_truck,basecase,120916.50293725631,46100.0,13.670064309629833,19701.70286929,EDM
0,P_truck,basecase,108568.83348811007,42620.0,14.155097368380746,17689.817736112418,GP
0,P_truck,basecase,116856.20730442752,43300.0,13.230426318132064,19040.132809155377,MDP
0,P_truck,basecase,125275.14799982784,45820.0,13.089260613823868,20411.884919295542,MH
0,P_aircraft,basecase,19116.884625304323,7030.0,13.479840766919562,3114.836862836501,RD
0,P_truck,basecase,120164.01539628673,44340.0,13.25002947785735,19579.09523852914,SL
0,P_truck,basecase,110957.05869329665,43700.0,14.07808922422205,18078.946616245103,WW
