,Program Name,Simulation,Mitigated Methane (kg),Total Cost ($),Mitigation Ratio ($/tonne CO2e),Value of Mitigated Methane ($),Region
0,P_aircraft,basecase,112138.61344923456,40870.0,13.148195537419602,18271.464925655397,BV
0,P_aircraft,basecase,100474.51979788992,38510.0,13.776659952239418,16370.959190076781,DV
0,P_aircraft,basecase,120331.2447555264,45550.0,13.567066160010034,19606.34299269609,EDM
0,P_aircraft,basecase,108363.79648703232,41990.0,13.97783044456059,17656.409739897543,GP
0,P_aircraft,basecase,116258.61472622785,42790.0,13.144315349372537,18942.76321008012,MDP
0,P_aircraft,basecase,125540.73973510848,45310.0,12.913728500110334,20455.159487496985,MH
0,P_aircraft,basecase,107275.37536378946,41670.0,13.935030047473202,17479.066291766914,RD
0,P_aircraft,basecase,119839.8352771872,43750.0,13.116900561908306,19526.274488445553,SL
0,P_aircraft,basecase,111332.85558071616,43230.0,13.877794268482319,18140.177618095906,WW
