,Program Name,Simulation,Mitigated Methane (kg),Total Cost ($),Mitigation Ratio ($/tonne CO2e),Value of Mitigated Methane ($),Region
0,P_truck,coverage,112150.72439655552,41420.0,13.32460767024933,18273.438240130978,BV
0,P_truck,coverage,100479.16754155008,39100.0,13.987262716449507,16371.716476819129,DV
0,P_truck,coverage,121468.9140846605,46180.0,13.619254606341505,19791.71076749631,EDM
0,P_truck,coverage,108364.01993749439,42620.0,14.193813540263397,17656.446148117288,GP
0,P_truck,coverage,116256.55899341952,43340.0,13.314146983453615,18942.428256322903,MDP
0,P_truck,coverage,125542.7060881536,45860.0,13.070475805895802,20455.479878035003,MH
0,P_aircraft,coverage,22795.48433958912,8530.0,13.651847412106985,3714.214754070267,RD
0,P_truck,coverage,119843.99143256448,44300.0,13.282502394301954,19526.951677549874,SL
0,P_truck,coverage,111226.27030727617,43740.0,14.05621360206471,18122.810994545383,WW
