,Program Name,Simulation,Mitigated Methane (kg),Total Cost ($),Mitigation Ratio ($/tonne CO2e),Value of Mitigated Methane ($),NEW Mitigation Ratio ($/tonne CO2e),Region,netmitigation cost $/tCO2,mitigated methane Mt
4,P_truck,coverage,560753.6219827776,207100.0,66.62303835124665,91367.1912006549,13.190157462158554,BV,7.370999380015698,0.0005607536219827776
4,P_truck,coverage,502395.8377077504,195500.0,69.93631358224754,81858.58238409564,13.897692482883294,DV,8.078534400740436,0.0005023958377077504
1,P_aircraft,coverage,37532.317473936,13050.0,inf,6115.3816799601755,12.417869717080167,EDM,6.598711634937309,3.7532317473935994e-05
4,P_truck,coverage,541820.099687472,213100.0,70.96906770131699,88282.23074058644,14.046570605454157,GP,8.2274125233113,0.000541820099687472
4,P_truck,coverage,581282.7949670976,216700.0,66.57073491726807,94712.14128161452,13.31414895003693,MDP,7.494990867894073,0.0005812827949670976
4,P_truck,coverage,627713.530440768,229300.0,65.35237902947901,102277.39939017501,13.046215060133179,MH,7.227056977990322,0.000627713530440768
1,P_aircraft,coverage,113977.4216979456,42650.0,68.25923706053493,18571.073770351337,13.364175667624714,RD,7.545017585481856,0.0001139774216979456
1,P_aircraft,coverage,33604.0802846784,11450.0,inf,5475.328750683786,12.169015428016944,SL,6.349857345874085,3.36040802846784e-05
4,P_truck,coverage,556131.3515363808,218700.0,70.28106801032355,90614.05497272691,14.044729296660282,WW,8.225571214517425,0.0005561313515363808
