Program Name,basecase,coverage,crew_count,johnson,mdl,multisimulation,ogi_persite_high,ogi_sensor,site_num,site_num_180,triannual
P_OGI,15.862334792475608,15.48840012365319,18.426171628318535,15.197154869858855,18.426171628318535,16.29118854834785,24.268394386283006,18.426171628318535,16.224340543355172,16.464130245833168,23.4948702686982
P_aircraft,inf,14.634818457366027,inf,inf,inf,inf,inf,inf,13.250340626058463,13.38646102290052,16.117484991003202
P_drone,inf,15.96484233247649,inf,inf,inf,inf,inf,inf,15.024922128359929,16.182805392086678,20.05848628452488
P_stationary,36.46413123477667,36.47305838687018,40.23032733175221,31.305365729049225,40.35776815116816,38.62890746154749,141.59197413860082,40.29503498104593,44.03847127532993,50.6689329952564,40.29503498104593
P_truck,13.230426318132064,13.314146983453615,14.144515972191002,13.297354272401966,13.749175866960249,13.595568261176652,21.589413577451413,13.749175866960249,13.35603515261766,13.53291323701404,17.047130362986003
