Program Name,basecase,coverage,crew_count,johnson,mdl,ogi_persite_high,ogi_sensor,site_num,site_num_180,triannual
P_OGI,16.243345120371153,15.525577561628936,19.093042572380995,15.247876884187653,19.093042572380995,25.500547089531093,19.093042572380995,16.06588686777055,16.054502113967363,25.317815270294044
P_aircraft,inf,14.058757885357469,inf,inf,inf,inf,inf,13.639591722134412,11.521303648723848,inf
P_drone,inf,15.321754994885884,inf,inf,inf,inf,inf,17.419275733422545,13.875771187745388,28.02080386194145
P_stationary,38.4910255157616,38.48289527018155,42.75737349867418,32.03892694547193,42.659706638365115,149.9548507524313,42.79829010208725,43.92911818404108,51.225009836051655,42.79829010208725
P_truck,13.3234294498731,13.32460767024933,14.539538034949931,13.354780703056381,14.480375323882873,22.921491416940817,14.480375323882873,13.433793121878296,13.356738953271668,18.245151722093375
