Program Name,basecase,coverage,crew_count,johnson,mdl,ogi_persite_high,ogi_sensor,site_num,site_num_180,triannual
P_OGI,17.06958914303256,16.377192391297264,20.552090755147663,15.492178036352877,20.552090755147663,27.380805454721678,20.552090755147663,16.23138844674371,16.529007306427356,26.97798216203166
P_aircraft,inf,inf,inf,inf,inf,inf,inf,12.374899693804533,12.10980179506412,19.74361067213574
P_drone,inf,inf,inf,16.051532093119484,inf,inf,inf,13.829140224677483,13.599027144773364,25.871697302372162
P_stationary,39.45103175345738,39.45442487743818,43.33904885311254,32.56895636037918,43.54550342448102,153.7666013404409,43.76955896183874,45.14757835546237,50.10058382530039,43.76955896183874
P_truck,14.07808922422205,14.05621360206471,15.308712653537004,13.512001170383673,16.058111562737075,25.013775095564423,16.058111562737075,13.525807568643287,13.57563960481592,19.205115830797048
