Program Name,basecase,coverage,crew_count,johnson,mdl,multisimulation,ogi_persite_high,ogi_sensor,site_num,site_num_180,triannual
P_OGI,15.61429970245535,15.196655340187835,17.368794581848707,16.070173570049604,17.368794581848707,16.132487886296715,22.63929841250797,17.368794581848707,15.903110712975737,16.343433320790787,23.57759898689496
P_aircraft,inf,17.038639547899738,inf,inf,inf,inf,inf,inf,13.307492011100155,11.981662902661244,21.68441986118281
P_drone,inf,19.87742846155004,inf,inf,inf,inf,inf,inf,15.347235414873882,14.65223296185207,32.63822725070858
P_stationary,36.44863439896567,36.480716817800285,40.47666906395223,33.23349522296623,40.560938590254096,37.25006341568502,140.16421102749092,40.7672560462229,41.64253947264571,48.730354680324105,40.7672560462229
P_truck,13.089260613823868,13.070475805895802,14.229160333199683,13.897174850132316,13.92339907290235,13.510189585210124,21.410597361509694,13.92339907290235,13.334907050173417,13.665559641102783,17.768971775827104
