Program Name,basecase,crew_count,johnson,mdl,ogi_persite_high,ogi_sensor,site_num,site_num_180,triannual
P_OGI,16.243345120371153,19.093042572380995,15.247876884187653,19.093042572380995,25.500547089531093,19.093042572380995,16.06588686777055,16.353137011729373,25.317815270294044
P_aircraft,13.148195537419602,14.152590146073877,13.250000172562158,inf,inf,14.626644333099781,13.337529960226124,13.497586375093624,17.82012424518153
P_drone,13.390562049552486,14.357061788247117,13.433870742023776,inf,inf,15.025987656170628,13.514269279039286,13.66927422210475,18.333148820564737
P_stationary,38.44330203092071,42.51116381495557,32.01142893596356,42.659706638365115,149.9548507524313,42.659706638365115,38.58753263883925,43.46187829176061,42.659706638365115
P_truck,13.322243096571398,13.941249396768924,13.347145426720354,14.480375323882873,22.921491416940817,14.033102915623221,13.457094678827783,13.613342648524815,18.022256507534827
