Program Name,basecase,crew_count,johnson,mdl,ogi_persite_high,ogi_sensor,site_num,site_num_180,triannual
P_OGI,16.851490435323694,0.0,-1.3593123989708165,3.5313444847989537,10.449928172277726,3.5313444847989537,-0.43435121063189186,-0.08020251672157741,2.821454898350801
P_aircraft,13.935030047473202,-0.0026088736742337915,-0.5354323300911563,0.04886029978615092,17.539015681391874,1.070614647616111,-0.42424889171054936,-0.1050949951722373,0.6459753189205895
P_drone,14.186892178890574,-0.018137412298122157,-0.6116710402312684,inf,12.328911661185096,1.4458173085051307,-0.4971862409956991,-0.15928494658168013,0.8484207717015018
P_stationary,38.65078272482268,-0.09992070090564198,-6.126695466615324,3.9526258582467193,112.44772498104646,3.9526258582467193,0.3112252120815526,5.3691910499820565,0.0
P_truck,14.096224135403139,0.005373208913317384,-0.5635734513042525,1.690326662590051,11.717271277567518,0.7530351753820135,-0.4168756632715258,-0.08379520678555252,0.7990428723275844
