Program Name,basecase,coverage,crew_count,johnson,mdl,multisimulation,ogi_persite_high,ogi_sensor,site_num,site_num_180,triannual
P_OGI,16.229273990176136,15.859599264228493,19.369457656213,15.814360934146539,19.369457656213,15.929991980867118,25.314274838908062,19.369457656213,15.963754636305358,16.337258079468484,25.10536571175293
P_aircraft,inf,inf,inf,inf,inf,inf,inf,inf,inf,13.72043076875903,inf
P_drone,inf,inf,inf,inf,inf,inf,inf,inf,19.68065441136761,16.60325835108763,inf
P_stationary,36.30646757708539,36.303632670794926,40.59054847609449,34.09433948895592,40.52245587351553,36.40062620750129,139.00234359856046,40.533839126874476,41.482270696034924,49.36809634701581,40.533839126874476
P_truck,13.670064309629833,13.619254606341505,16.084116588531092,13.70490740389595,15.388382465287496,13.42606075402075,23.791209141060854,15.388382465287496,13.22895225115806,13.513966571063593,18.44200884966671
