Program Name,basecase,coverage,crew_count,johnson,mdl,mdl_lowdrone,mdl_lowogi,mdl_lowstationary,multisimulation,multiyear,ogi_persite_high,ogi_sensor,site_num,site_num_180,triannual
P_OGI,16.736282034945486,16.400322187913876,16.736282034945486,15.45836427819476,15.832177217944308,16.736282034945486,20.32868146126385,16.736282034945486,16.341416284474995,16.11283882263104,20.524435859788035,20.000305452116354,16.41531195454635,16.771287918602116,25.308314019429915
P_aircraft,13.13349081152556,13.364175667624714,13.320311448958357,14.381067009809966,inf,13.13349081152556,inf,13.13349081152556,13.229221854053902,13.286731123434231,23.2374981664409,13.944540886920366,12.920008948380142,12.085100990265488,17.824862493783613
P_drone,14.53464559227153,14.539220421519031,14.721466229704326,15.892141612052987,inf,14.12042094211083,inf,14.53464559227153,14.939642075205645,14.621925209808744,20.435188604948962,16.223060639685134,14.225332792556694,13.233723683496214,21.203036630327656
P_stationary,38.65291719211139,38.65127256561361,38.494543643211465,32.4733062272434,55.71746096141349,38.65291719211139,41.398133779549774,38.65291719211139,38.84548187532081,31.402102953241606,144.45681109738317,42.670285817195115,43.11585010512762,54.34413404874605,42.670285817195115
P_truck,14.023747124082865,14.027890625083753,14.045538544309698,13.491836332230527,10.556056523802045,14.023747124082865,17.63228646614936,14.023747124082865,13.77650902472388,13.408450628054231,19.27915800646342,15.640234007378508,13.655444610237915,13.894394539540706,18.432699984478415
