Region,basecase,crew_count,johnson,mdl,ogi_persite_high,ogi_sensor,site_num,site_num_180,triannual
BV,13.148195537419602,0.7930538593493228,0.10180463514255678,1.3321797864632714,9.773295879521216,0.8849073782036196,0.1893344228065228,0.34939083767402224,4.671928707761927
DV,13.776659952239418,-0.03539225318228567,-0.3968835232182837,2.0997496752023466,12.19630330298333,1.481741400808568,-0.21303233343039985,-0.46607163086360615,0.8670963369511338
EDM,13.567066160010034,0.017747414333394218,-0.0031596439702923362,1.8213163052774615,10.22414298105082,1.0869577263549193,-0.47215150625291535,-0.17009700272985384,0.803920367195289
GP,13.97783044456059,-0.031029623034672937,-0.004978173790490814,0.9983696324123912,9.221396105262817,0.6388125847568453,-0.6024250887989417,-0.6817752976548626,0.726762959567731
MDP,13.144315349372537,-0.045452915722220766,0.025600918584299137,0.6048605175877118,8.445098228078876,0.5092787685928268,0.049031782499044496,0.2544951281732786,0.8142161944039188
MH,12.913728500110334,-0.015322790505877038,0.8530861075705172,1.0096705727920163,8.49686886139936,0.5609146222559911,0.3016216168631001,0.6395852693585855,1.2606063445150202
RD,13.935030047473202,-0.0026088736742337915,-0.5354323300911563,0.04886029978615092,11.878465365497455,0.9142292633119506,-0.42424889171054936,-0.1050949951722373,0.6459753189205895
SL,13.116900561908306,-0.056829464729258206,0.4873149051249026,0.7946404618756855,8.651021154537727,0.814360129068266,0.050635811018629795,0.35353777025133226,0.9978982059162647
WW,13.877794268482319,0.008296448836034642,-0.4781965511002735,2.180317294254756,11.135980827082104,1.5628118215080864,-0.4882319451643191,-0.37315614775622485,1.2107220958694231
