Program Name,basecase,crew_count,johnson,mdl,ogi_persite_high,ogi_sensor,site_num,site_num_180,triannual
P_OGI,17.06958914303256,0.0,-1.5774111066796817,3.4825016121151045,10.311216311689119,3.4825016121151045,-0.8382006962888475,-0.5405818366052024,3.410487628363974
P_aircraft,13.877794268482319,0.008296448836034642,-0.4781965511002735,inf,inf,1.7787938050016017,-0.4882319451643191,-0.37315614775622485,1.2107220958694231
P_drone,14.121033025939118,0.005836088194824285,-0.5458118872798128,inf,inf,1.7935473747739366,-0.5257709030615807,-0.5078987155567098,1.416630291249815
P_stationary,39.429843550365526,-0.17266612615706833,-6.905756292158166,4.115659874115494,114.33675779007538,4.115659874115494,-0.6035984940579837,3.694655023973155,0.0
P_truck,14.054012184052544,0.007902378143336719,-0.5213614999536578,2.004099378684531,10.959762911511879,1.3865939059378611,-0.5672429586764931,-0.43766405163724187,1.3501426698072159
