Program Name,basecase,coverage,crew_count,johnson,mdl,multisimulation,ogi_persite_high,ogi_sensor,site_num,site_num_180,triannual
P_OGI,16.757321635425285,16.586838378476052,20.362844950544662,15.75276854174405,20.362844950544662,16.39740425665998,27.598397201760143,20.362844950544662,16.57400178614116,16.56474095367679,26.26006534262309
P_aircraft,inf,inf,inf,inf,inf,inf,inf,inf,13.138631717514272,13.068120264939733,22.18496441420758
P_drone,inf,inf,inf,inf,inf,inf,inf,inf,15.739479484119405,15.335745980223164,31.010161707770305
P_stationary,40.84417358504262,40.85115288840576,45.183861064164354,33.275072466215036,45.30075407058801,39.65056609072954,162.66767585673318,45.311622036951874,43.95599201971345,48.36824901185352,45.311622036951874
P_truck,13.9428178617738,13.987262716449507,16.099845980285753,13.537888602779452,15.876409627441765,13.69882351775108,25.972963255222748,15.876409627441765,13.631948500632074,13.439177262006616,18.883717026547153
