Program Name,basecase,coverage,crew_count,johnson,mdl,mdl_lowdrone,mdl_lowogi,mdl_lowstationary,multisimulation,multiyear,ogi_persite_high,ogi_sensor,site_num,site_num_180,triannual
P_OGI,15.59904378694027,15.346413605627964,15.59904378694027,15.55088431814046,14.440941809263206,15.59904378694027,19.68865185236505,15.59904378694027,15.707174812984452,15.630664258564517,19.04400687527594,18.158374115061115,15.963167116389195,16.233321655058703,24.240029981836294
P_aircraft,12.169015428016944,12.169015428016944,12.169015428016944,13.007515041564869,inf,12.169015428016944,inf,12.169015428016944,13.346578780174937,14.106091854180566,28.92080767049756,15.192109661505821,12.973485918975591,12.758723441570167,16.86046048237917
P_drone,16.1545008302059,16.1545008302059,16.1545008302059,16.430545315660886,inf,13.253434726095328,inf,16.1545008302059,16.806099010384187,18.16873199376303,20.94983686611965,21.934170162174084,15.913793587692632,15.699311271754668,24.432523573268018
P_stationary,36.73251297703194,36.75150108182752,36.556251437662965,32.05503103343065,53.200172914113395,36.73251297703194,40.17681957902437,36.73251297703194,36.53492427288998,29.82774374561721,136.43868423048292,41.08007671211471,43.46948750167519,46.66951074346481,41.08007671211471
P_truck,13.17841637822269,13.201686945090778,13.199633234031827,13.707344498463412,9.538443613971657,13.17841637822269,17.50906258433418,13.17841637822269,13.201740931756689,13.128206400778613,17.87200121008766,13.812864904897163,13.288013491148348,13.514944002766189,17.44008145129663
