Program Name,basecase,coverage,crew_count,johnson,mdl,ogi_persite_high,ogi_sensor,site_num,site_num_180,triannual
P_OGI,16.851490435323694,16.480290769586297,20.382834920122647,15.492178036352877,20.382834920122647,27.30141860760142,20.382834920122647,16.4171392246918,16.771287918602116,25.410027242026132
P_aircraft,13.479840766919562,13.651847412106985,14.16897937716008,inf,inf,31.474045728865075,13.983890347259353,12.954897938016888,12.085100990265492,17.98023983465874
P_drone,15.046092315661516,15.162034267958834,16.648100321554786,16.051532093119484,inf,26.51580384007567,16.46301129165406,14.334474250668213,13.23372368349621,21.806814765521406
P_stationary,38.69667928255945,38.69460310835837,42.509636503306695,32.56895636037918,42.6034085830694,151.09850770586914,42.71743061266419,43.14195160182121,54.34413404874605,42.71743061266419
P_truck,14.085236583733035,14.090992762265653,15.663427021063034,13.512001170383673,15.78655079799319,25.813495412970656,15.78655079799319,13.658915364863853,13.894394539540706,18.47015424543006
