Program Name,basecase,crew_count,johnson,mdl,ogi_persite_high,ogi_sensor,site_num,site_num_180,triannual
P_OGI,15.704621680887588,0.0,-0.10238797307328973,2.604333962748754,8.294642997072057,2.604333962748754,0.2584720415333681,0.5286999741711149,3.1696221275684344
P_aircraft,13.116900561908306,-0.056829464729258206,0.4873149051249026,inf,inf,1.0137032877273082,0.050635811018629795,0.36620283521238584,0.9978982059162647
P_drone,13.330273946260297,0.0014600711530938781,0.4713096899384368,inf,inf,0.6009867447162751,0.04133104050008818,0.2443862261499632,1.188144187019077
P_stationary,36.780481254081415,-0.139690165318612,-4.718622378276422,4.573209110608126,105.62999892431225,4.573209110608126,0.9818450503098717,3.808956209041817,0.0
P_truck,13.24906148337089,0.022780137769998987,0.47017358710730583,0.6624795404131021,8.518860233075143,1.26473720070363,0.038469919714994916,0.22137684878874886,1.1381995487529508
