Program Name,basecase,crew_count,johnson,mdl,ogi_persite_high,ogi_sensor,site_num,site_num_180,triannual
P_OGI,15.862334792475608,0.0,-0.665179922616753,2.5638368358429275,8.406059593807399,2.5638368358429275,0.36200575087956466,0.6017954533575605,2.973314271006977
P_aircraft,13.144315349372537,-0.045452915722220766,0.025600918584299137,inf,inf,0.5092787685928268,0.049031782499044496,0.2544951281732786,0.8142161944039188
P_drone,13.37626046147372,-0.03974046123270547,-0.00739331740713034,inf,inf,1.0083448234214494,0.06241081714312813,0.2564020731376804,0.9961562462655902
P_stationary,36.46666741205405,-0.12449116230497737,-5.176399438466603,3.8911007391141084,105.12530672654677,3.8911007391141084,1.1630504195583171,5.140050369813714,0.0
P_truck,13.30196136873227,-0.02690491687715202,-0.006897094955515826,0.44721449822797865,8.287452208719143,1.286136193897505,0.04365368881651399,0.2763240472908226,0.9546676655238286
