Program Name,basecase,crew_count,johnson,mdl,ogi_persite_high,ogi_sensor,site_num,site_num_180,triannual
P_OGI,17.36195487227813,0.0,-1.0142258084940927,3.4201804315639848,10.549802586345066,3.4201804315639848,-0.8163746299548045,-1.1752560828033793,2.8673153124262534
P_aircraft,13.97783044456059,-0.031029623034672937,-0.004978173790490814,inf,inf,0.6388125847568453,-0.6024250887989417,-0.6817752976548626,0.726762959567731
P_drone,14.230709644713343,-0.03315982650439864,-0.07303710374524464,inf,inf,0.965148159083185,-0.5916065739102923,-0.6700350411138789,0.9151273808540275
P_stationary,38.17451165980524,-0.09828136069623383,-4.146598821550661,4.188903761944246,110.68178457060912,4.188903761944246,0.2799805934814472,1.8260302889397835,0.0
P_truck,14.131705716296569,-0.0012201754216540905,-0.016098800878005193,0.8444943606764124,9.067520833526839,0.8043730505278539,-0.6027477543152493,-0.6229862920747813,0.8887787024823623
