Program Name,basecase,coverage,crew_count,johnson,mdl,ogi_persite_high,ogi_sensor,site_num,site_num_180,triannual
P_OGI,15.704621680887588,15.43066542368059,18.30895564363634,15.602233707814298,18.30895564363634,23.999264677959644,18.30895564363634,15.963093722420956,16.233321655058703,24.348758914569036
P_aircraft,inf,inf,inf,inf,inf,inf,inf,13.076133717516786,12.758723441570169,inf
P_drone,inf,inf,inf,inf,inf,inf,inf,16.200201923268555,15.699311271754665,inf
P_stationary,36.823659076112826,36.84400613769845,40.9531165121272,32.113624324393065,41.35369036468954,142.41048017839367,41.172575782620726,43.48442930698164,46.669510743464805,41.172575782620726
P_truck,13.25002947785735,13.282502394301954,15.11704239133708,13.754691733370842,13.911541023783991,21.767921716446033,13.911541023783991,13.289643942863822,13.51494400276619,17.482797188535386
