Program Name,basecase,coverage,crew_count,johnson,mdl,ogi_persite_high,ogi_sensor,site_num,site_num_180,triannual
P_OGI,17.36195487227813,16.555905826019988,20.782135303842114,16.347729063784037,20.782135303842114,27.911757458623196,20.782135303842114,16.545580242323325,16.18669878947475,25.763251131631243
P_aircraft,inf,inf,inf,inf,inf,inf,inf,13.34464785463543,13.151526184069455,20.84693952072772
P_drone,inf,inf,inf,inf,inf,inf,inf,14.844642650573482,14.288051847591724,23.985781927050386
P_stationary,38.205679959745495,38.22138443092726,42.1567435023912,34.05353637602066,42.36341542174949,148.85629623041436,42.306628197131616,43.864425954997174,49.48452023380989,42.306628197131616
P_truck,14.155097368380746,14.193813540263397,15.607306335896794,14.116045901696069,14.976200076972981,23.199226549823408,14.976200076972981,13.521298261769465,13.44343300594164,17.902905365306488
