,Program Name,Simulation,Mitigated Methane (kg),Total Cost ($),Mitigation Ratio ($/tonne CO2e),Value of Mitigated Methane ($),Region
0,P_truck,johnson,154642.63124795904,57340.0,13.354780703056381,25196.91768917116,BV
0,P_truck,johnson,140936.34589226497,53300.0,13.537888602779452,22963.664535466338,DV
0,P_truck,johnson,142866.90241384896,54740.0,13.70490740389595,23278.222515863392,EDM
0,P_truck,johnson,145907.50992862467,57380.0,14.116045901696069,23773.64823810187,GP
0,P_truck,johnson,146304.26629821505,54300.0,13.297354272401966,23838.29430307469,MDP
0,P_truck,johnson,151139.6179412256,58340.0,13.897174850132316,24626.149219690666,MH
0,P_truck,johnson,151679.02434006528,57300.0,13.512001170383673,24714.03817064095,RD
0,P_truck,johnson,155130.59963342594,59540.0,13.754691733370842,25276.425514046514,SL
0,P_truck,johnson,151679.02434006528,57300.0,13.512001170383673,24714.03817064095,WW
