,Program Name,Simulation,Mitigated Methane (kg),Total Cost ($),Mitigation Ratio ($/tonne CO2e),Value of Mitigated Methane ($),NEW Mitigation Ratio ($/tonne CO2e),Region,netmitigation cost $/tCO2,mitigated methane Mt
1,P_aircraft,johnson,60884.771364864006,21750.0,inf,9920.347062283516,12.758292375455804,BV,6.939134293312946,6.088477136486401e-05
4,P_truck,johnson,704681.7294613249,266500.0,67.68944301389726,114818.32267733169,13.50660410925201,DV,7.687446027109153,0.0007046817294613249
4,P_truck,johnson,714334.5120692448,273700.0,68.52453701947975,116391.11257931696,13.684065147131587,EDM,7.8649070649887305,0.0007143345120692447
1,P_aircraft,johnson,62209.8251698464,23750.0,inf,10136.246593922564,13.634731867489993,GP,7.8155737853471345,6.22098251698464e-05
4,P_truck,johnson,731521.3314910752,271500.0,66.48677136200983,119191.47151537344,13.255154913478925,MDP,7.435996831336069,0.0007315213314910752
1,P_aircraft,johnson,83105.67837384001,27250.0,inf,13540.942239470689,11.710563041630063,MH,5.891404959487206,8.310567837384001e-05
4,P_truck,johnson,758395.1217003264,286500.0,67.56000585191836,123570.19085320475,13.491836332230527,RD,7.672678250087671,0.0007583951217003265
1,P_aircraft,johnson,39125.73383942401,14250.0,inf,6375.007248160726,13.007515041564869,SL,7.188356959422012,3.9125733839424004e-05
4,P_truck,johnson,758395.1217003264,286500.0,67.56000585191836,123570.19085320475,13.491836332230527,WW,7.672678250087671,0.0007583951217003265
