,Program Name,Simulation,Mitigated Methane (kg),Total Cost ($),Mitigation Ratio ($/tonne CO2e),Value of Mitigated Methane ($),NEW Mitigation Ratio ($/tonne CO2e),Region,netmitigation cost $/tCO2,mitigated methane Mt
4,P_truck,mdl_lowogi,578901.496974912,277700.0,86.68786423968854,94324.14109681243,17.132201582969746,BV,11.313043500826888,0.000578901496974912
4,P_truck,mdl_lowogi,517082.0375171808,260700.0,90.78037029573748,84251.49929697198,18.00626130898025,DV,12.18710322683739,0.0005170820375171807
4,P_truck,mdl_lowogi,622556.7696686303,307300.0,88.58230770193569,101437.17521867887,17.628914397383692,EDM,11.809756315240834,0.0006225567696686303
4,P_truck,mdl_lowogi,559449.7960280256,278500.0,89.70289937003164,91154.75045907043,17.778947533891508,GP,11.959789451748648,0.0005594497960280256
4,P_truck,mdl_lowogi,598351.4103468384,277100.0,82.71353551335017,97493.24047347868,16.539492345630205,MDP,10.720334263487349,0.0005983514103468384
4,P_truck,mdl_lowogi,643831.1459732159,302100.0,83.92921179627464,104903.54606550945,16.757943106304086,MH,10.93878502416123,0.0006438311459732159
4,P_truck,mdl_lowogi,550734.8297883552,271900.0,88.68511805894829,89734.76500465338,17.63228646614936,RD,11.813128384006504,0.0005507348297883552
4,P_truck,mdl_lowogi,619067.1637660321,303500.0,88.02525665141845,100868.59130371411,17.50906258433418,SL,11.689904502191323,0.000619067163766032
4,P_truck,mdl_lowogi,570270.1007717568,284900.0,89.62316117449619,92917.77224549092,17.842422364823246,WW,12.023264282680389,0.0005702701007717568
