,Program Name,Simulation,Mitigated Methane (kg),Total Cost ($),Mitigation Ratio ($/tonne CO2e),Value of Mitigated Methane ($),NEW Mitigation Ratio ($/tonne CO2e),Region,netmitigation cost $/tCO2,mitigated methane Mt
4,P_truck,multiyear,3281971.1007930334,1249000.0,67.95543195360031,534752.642383094,13.591570884449375,BV,7.772412802306517,0.0032819711007930335
4,P_truck,multiyear,3319922.3853947907,1237400.0,66.56899459259974,540936.2890695985,13.311412741837914,DV,7.492254659695057,0.0033199223853947906
4,P_truck,multiyear,3614042.7757704966,1331000.0,65.8692344032941,588859.214379377,13.153058011489613,EDM,7.333899929346755,0.0036140427757704965
4,P_truck,multiyear,3301980.3077973984,1253600.0,67.80989220305692,538012.8710654821,13.558962924674002,GP,7.739804842531144,0.0033019803077973986
4,P_truck,multiyear,3329651.3646898367,1236800.0,66.36659854463193,542521.4941874801,13.266082160990218,MDP,7.446924078847359,0.003329651364689837
4,P_truck,multiyear,3396890.808162058,1278400.0,67.24925868962846,553477.2488132446,13.440862669897353,MH,7.621704587754496,0.0033968908081620577
1,P_aircraft,multiyear,465555.7659930624,173200.0,67.22929118166132,75855.99275426866,13.286731123434231,RD,7.467573041291373,0.0004655557659930624
4,P_truck,multiyear,3552329.454764544,1305800.0,65.66741261127792,578803.8663995623,13.128206400778613,SL,7.309048318635755,0.003552329454764544
1,P_aircraft,multiyear,450451.716406704,161800.0,65.0522388088059,73394.99289200942,12.828392518220689,WW,7.009234436077831,0.00045045171640670397
