,Program Name,Simulation,Mitigated Methane (kg),Total Cost ($),Mitigation Ratio ($/tonne CO2e),Value of Mitigated Methane ($),Region
0,P_truck,2.0,1589772.6524401745,50452.0,1.149431990199039,259031.874618074,BV
0,P_truck,2.0,1652759.617135164,54412.0,1.2336730275121943,269294.7455489598,DV
0,P_truck,2.0,1714989.3606734432,52692.0,1.2992303250717596,279434.2375706526,EDM
0,P_truck,2.0,1929310.2446737527,52452.0,1.1504985209498122,314354.91649111995,GP
0,P_truck,2.0,1455955.2652270962,51892.0,1.4244313585246517,237228.14776877168,MDP
0,P_drone,2.0,2091436.312349222,52972.0,0.9638276898337876,340771.1585682328,MH
0,P_drone,2.0,1159688.66012135,50332.0,1.6076604940512822,188955.52590080808,RD
0,P_drone,2.0,1725453.419380861,54172.0,1.2159033673040458,281139.2139010327,SL
0,P_drone,2.0,1288172.9341357606,51092.0,1.5233058036135398,209890.29434446612,WW
