,Program Name,Simulation,Mitigated Methane (kg),Total Cost ($),Mitigation Ratio ($/tonne CO2e),Value of Mitigated Methane ($),Region
0,P_truck,mdl,68472.16816920192,27140.0,14.480375323882873,11156.610382502375,BV
0,P_truck,mdl,56918.45846330497,24940.0,15.876409627441765,9274.090212515901,DV
0,P_truck,mdl,68270.30413432128,29180.0,15.388382465287496,11123.719378060425,EDM
0,P_truck,mdl,70337.56688903231,29260.0,14.976200076972981,11460.551783536135,GP
0,P_truck,mdl,72033.76984667327,27740.0,13.749175866960249,11736.925031733645,MDP
0,P_truck,mdl,75489.76948341313,29420.0,13.92339907290235,12300.033261838133,MH
0,P_aircraft,mdl,11755.75250256768,4590.0,13.983890347259353,1915.4403012356597,RD
0,P_truck,mdl,72551.41232776128,28060.0,13.911541023783991,11821.26784770319,SL
0,P_truck,mdl,63660.2787308448,28420.0,16.058111562737075,10372.578313665752,WW
