,Program Name,Simulation,Mitigated Methane (kg),Total Cost ($),Mitigation Ratio ($/tonne CO2e),Value of Mitigated Methane ($),Region
0,P_truck,ogi_sensor,68406.78693063743,26460.0,14.033102915623221,11145.95739714361,BV
0,P_aircraft,ogi_sensor,58503.115566812165,24390.0,15.258401353047987,9532.288577872274,DV
0,P_aircraft,ogi_sensor,71849.69238420288,29230.0,14.654023886364953,11706.932107836345,EDM
0,P_aircraft,ogi_sensor,66753.79902318527,26790.0,14.616643029317435,10876.625454786239,GP
0,P_aircraft,ogi_sensor,72066.21468614784,27470.0,13.653594117965364,11742.211477929504,MDP
0,P_aircraft,ogi_sensor,72413.856965664,27270.0,13.474643122366325,11798.855068584653,MH
0,P_truck,ogi_sensor,65202.838021820164,26900.0,14.849259310785152,10623.917411893139,RD
0,P_drone,ogi_sensor,75012.70540673088,28900.0,13.931260690976572,12222.302146067417,SL
0,P_truck,ogi_sensor,65525.23056024001,28300.0,15.440606089990405,10676.446899969054,WW
