,Program Name,Simulation,Mitigated Methane (kg),Total Cost ($),Mitigation Ratio ($/tonne CO2e),Value of Mitigated Methane ($),Region
0,P_drone,2.0,1596520.5539552344,34180.0,0.7715843087504368,260131.35357596222,BV
0,P_aircraft,2.0,1694564.3368784308,50870.0,1.127565564963212,276106.2571864008,DV
0,P_aircraft,2.0,1754196.6582866176,49430.0,1.1909513456760066,285822.53452862374,EDM
0,P_aircraft,2.0,1977647.7680077595,48910.0,1.0327251998155527,322230.85979935585,GP
0,P_aircraft,2.0,1491381.7822364322,47110.0,1.2575321384120823,243000.41784652913,MDP
0,P_aircraft,2.0,2145338.1770690437,49830.0,0.8847253141982353,349553.7357765866,MH
0,P_aircraft,2.0,1192556.559804406,46110.0,1.4319302992577168,194310.90401515213,RD
0,P_aircraft,2.0,1777051.6352226208,51310.0,1.1073447313490505,289546.4427937451,SL
0,P_aircraft,2.0,1325247.979588168,46430.0,1.343233677749875,215931.1697553914,WW
