,Program Name,Simulation,Mitigated Methane (kg),Total Cost ($),Mitigation Ratio ($/tonne CO2e),Value of Mitigated Methane ($),NEW Mitigation Ratio ($/tonne CO2e),Region,netmitigation cost $/tCO2,mitigated methane Mt
1,P_aircraft,site_num,397567.7676290592,145350.0,68.19795861067206,64778.27126954773,13.057073161461192,BV,7.237915079318335,0.0003975677676290592
1,P_aircraft,site_num,773267.6778163776,283150.0,65.69315858757136,125993.47199670036,13.077618902365842,DV,7.258460820222985,0.0007732676778163776
4,P_truck,site_num,5828711.389976995,2158500.0,66.1447612557903,949709.4038169573,13.225785350574712,EDM,7.406627268431855,0.0058287113899769954
1,P_aircraft,site_num,791809.2702289151,291050.0,66.72323927317714,129014.57280231043,13.127710482775385,GP,7.308552400632528,0.0007918092702289152
1,P_aircraft,site_num,672947.0252625024,249150.0,66.25170313029231,109647.58338548796,13.222755955037146,MDP,7.403597872894288,0.0006729470252625024
1,P_aircraft,site_num,485211.2526496224,176150.0,66.53746005550077,79058.58750727588,12.965633822829531,MH,7.1464757406866735,0.0004852112526496224
1,P_aircraft,site_num,812831.1486659136,294050.0,64.77448969008444,132439.80254894798,12.920008948380142,RD,7.100850866237286,0.0008128311486659136
1,P_aircraft,site_num,410590.16424371523,149150.0,65.38066858758393,66900.09403580101,12.973485918975591,SL,7.154327836832732,0.0004105901642437152
1,P_aircraft,site_num,803776.9866022081,279450.0,61.87449846902267,130964.54973914677,12.416823707589497,WW,6.597665625446639,0.0008037769866022081
