,Program Name,Simulation,Mitigated Methane (kg),Total Cost ($),Mitigation Ratio ($/tonne CO2e),Value of Mitigated Methane ($),Region
0,P_aircraft,triannual,127353.31512962686,62610.0,17.82012424518153,20750.494044679126,BV
0,P_aircraft,triannual,169124.68758560257,69130.0,14.643756289190552,27556.572194302058,DV
0,P_aircraft,triannual,200164.107191472,80450.0,14.370986527205323,32614.024299308578,EDM
0,P_aircraft,triannual,185538.5964499104,76050.0,14.704593404128321,30230.995846266265,GP
0,P_aircraft,triannual,195006.31840063297,76130.0,13.958531543776456,31773.63262611907,MDP
0,P_aircraft,triannual,201064.2500003501,79730.0,14.174334844625355,32760.69035174682,MH
0,P_aircraft,triannual,182354.31110073027,74370.0,14.581005366393791,29712.15977115141,RD
0,P_aircraft,triannual,196290.48104387135,77370.0,14.11479876782457,31982.869497996297,SL
0,P_aircraft,triannual,181059.37822897919,76330.0,15.088516364351742,29501.168036729894,WW
