,Program Name,Simulation,Mitigated Methane (kg),Total Cost ($),Mitigation Ratio ($/tonne CO2e),Value of Mitigated Methane ($),Region
0,P_truck,ogi_persite_high,68472.16816920192,42932.0,22.921491416940817,11156.610382502375,BV
0,P_truck,ogi_persite_high,56918.45846330497,40732.0,25.972963255222748,9274.090212515901,DV
0,P_truck,ogi_persite_high,68270.30413432128,44972.0,23.791209141060854,11123.719378060425,EDM
0,P_truck,ogi_persite_high,70337.56688903231,45052.0,23.199226549823408,11460.551783536135,GP
0,P_truck,ogi_persite_high,72033.76984667327,43532.0,21.589413577451413,11736.925031733645,MDP
0,P_truck,ogi_persite_high,75489.76948341313,45212.0,21.410597361509694,12300.033261838133,MH
0,P_truck,ogi_persite_high,57589.56581400001,41012.0,25.813495412970656,9383.43804590181,RD
0,P_truck,ogi_persite_high,72551.41232776128,43852.0,21.767921716446033,11821.26784770319,SL
0,P_truck,ogi_persite_high,63660.2787308448,44212.0,25.013775095564423,10372.578313665752,WW
