,Program Name,Simulation,Mitigated Methane (kg),Total Cost ($),Mitigation Ratio ($/tonne CO2e),Value of Mitigated Methane ($),NEW Mitigation Ratio ($/tonne CO2e),Region,netmitigation cost $/tCO2,mitigated methane Mt
4,P_truck,ogi_persite_high,560794.9600876608,286060.0,92.12617070891923,91373.9266837346,18.21776103307274,BV,12.398602950929886,0.0005607949600876608
4,P_truck,ogi_persite_high,502376.62107533764,273860.0,98.08442781395398,81855.45129468477,19.468888231260955,DV,13.6497301491181,0.0005023766210753377
4,P_truck,ogi_persite_high,604582.5146862816,309460.0,91.8679123669597,98508.51434645,18.280619416983676,EDM,12.461461334840818,0.0006045825146862815
4,P_truck,ogi_persite_high,542844.1674405504,292060.0,97.23600559750668,88449.0886805621,19.214932961136782,GP,13.395774878993924,0.0005428441674405504
4,P_truck,ogi_persite_high,584281.0365221376,295460.0,90.35240979158573,95200.66404577688,18.060046788362694,MDP,12.240888706219838,0.0005842810365221376
4,P_truck,ogi_persite_high,626375.7399991392,308060.0,88.03602505167858,102059.42459647771,17.564765291130175,MH,11.745607208987316,0.0006263757399991392
4,P_truck,ogi_persite_high,536589.8239192704,289660.0,96.99422089799123,87430.02829835218,19.27915800646342,RD,13.459999924320565,0.0005365898239192705
4,P_truck,ogi_persite_high,600820.0769814337,300660.0,89.85688240104936,97895.4761926457,17.87200121008766,SL,12.052843127944803,0.0006008200769814337
4,P_truck,ogi_persite_high,554785.2934664832,297460.0,96.05402107745385,90394.73308122551,19.148978088787857,WW,13.329820006645,0.0005547852934664832
