,Program Name,Simulation,Mitigated Methane (kg),Total Cost ($),Mitigation Ratio ($/tonne CO2e),Value of Mitigated Methane ($),NEW Mitigation Ratio ($/tonne CO2e),Region,netmitigation cost $/tCO2,mitigated methane Mt
4,P_truck,ogi_sensor,342360.8408460096,135700.0,72.40187661941437,55783.05191251187,14.155908016385688,BV,8.33674993424283,0.0003423608408460096
4,P_truck,ogi_sensor,284592.29231652484,124700.0,79.38204813720883,46370.4510625795,15.648953077120394,DV,9.82979499497754,0.00028459229231652484
1,P_aircraft,ogi_sensor,26776.142682566402,9850.0,inf,4362.808998796265,13.138028074325932,EDM,7.3188699921830755,2.67761426825664e-05
4,P_truck,ogi_sensor,351687.83444516157,146300.0,74.8810003848649,57302.75891768067,14.856925626225296,GP,9.037767544082437,0.00035168783444516156
4,P_truck,ogi_sensor,360168.8492333664,138700.0,68.74587933480124,58684.62515866822,13.753469904782998,MDP,7.934311822640138,0.00036016884923336637
4,P_truck,ogi_sensor,377448.84741706564,147100.0,69.61699536451175,61500.16630919066,13.918631529867797,MH,8.09947344772494,0.0003774488474170656
1,P_aircraft,ogi_sensor,58778.7625128384,22950.0,69.91945173629676,9577.201506178299,13.944540886920366,RD,8.125382804777509,5.8778762512838405e-05
4,P_truck,ogi_sensor,362757.0616388064,140300.0,69.55770511891996,59106.339238515946,13.812864904897163,SL,7.993706822754305,0.00036275706163880643
1,P_aircraft,ogi_sensor,39940.42965264,15950.0,inf,6507.750872487712,14.262311700124757,WW,8.4431536179819,3.994042965264e-05
