,Program Name,Simulation,Mitigated Methane (kg),Total Cost ($),Mitigation Ratio ($/tonne CO2e),Value of Mitigated Methane ($),Region
0,P_truck,2.0,1589772.6524401745,34660.0,0.7885675499376109,259031.874618074,BV
0,P_aircraft,2.0,1651580.5827012358,38510.0,0.8737382877243028,269102.63789181097,DV
0,P_drone,2.0,1715291.3615222326,37020.0,0.9164171966381668,279483.44450969395,EDM
0,P_aircraft,2.0,1930178.1886816262,36950.0,0.8016003008369724,314496.3361859913,GP
0,P_aircraft,2.0,1450137.1128010643,35110.0,0.9693260351692871,236280.1588048054,MDP
0,P_aircraft,2.0,2089643.9523456905,35790.0,0.6542332745682414,340479.1178346143,MH
0,P_aircraft,2.0,1158228.0220988244,33910.0,1.0798913402870924,188717.53476129984,RD
0,P_drone,2.0,1725151.2742311186,37820.0,0.8498745563856694,281089.9834501097,SL
0,P_aircraft,2.0,1290288.5656218797,34710.0,1.0278374311503367,210235.00777818216,WW
