,Program Name,Simulation,Mitigated Methane (kg),Total Cost ($),Mitigation Ratio ($/tonne CO2e),Value of Mitigated Methane ($),Region
0,P_truck,triannual,131157.80611615296,65820.0,18.245151722093375,21370.38420991425,BV
0,P_truck,triannual,114675.16426301953,60100.0,18.883717026547153,18684.761450381873,DV
0,P_truck,triannual,132948.5280993331,68580.0,18.44200884966671,21662.15805035047,EDM
0,P_truck,triannual,131656.0531582656,65620.0,17.902905365306488,21451.566802370624,GP
0,P_aircraft,triannual,23846.812904926082,10750.0,16.117484991003202,3885.5144733733773,MDP
0,P_truck,triannual,137624.15820517633,68420.0,17.768971775827104,22423.988510497253,MH
0,P_aircraft,triannual,24023.42715763584,11990.0,17.98023983465874,3914.291368543551,RD
0,P_truck,triannual,135443.33859560257,66140.0,17.482797188535386,22068.653556908343,SL
0,P_truck,triannual,124148.07020667456,66420.0,19.205115830797048,20228.242891517053,WW
