,Program Name,Simulation,Mitigated Methane (kg),Total Cost ($),Mitigation Ratio ($/tonne CO2e),Value of Mitigated Methane ($),NEW Mitigation Ratio ($/tonne CO2e),Region,netmitigation cost $/tCO2,mitigated methane Mt
4,P_truck,mdl,297988.742942352,85100.0,53.00367968291985,48553.22085265618,10.19933063335109,BV,4.380172551208233,0.000297988742942352
4,P_truck,mdl,267819.7473374112,79900.0,54.31007703618277,43637.59252372672,10.654820852236755,DV,4.835662770093899,0.0002678197473374112
4,P_truck,mdl,315345.6074464416,88500.0,50.853688857509866,51381.286326725865,10.023016687337565,EDM,4.203858605194708,0.0003153456074464416
4,P_truck,mdl,307798.8337665792,90900.0,53.92025065072124,50151.64199323419,10.547241299460273,GP,4.728083217317415,0.00030779883376657924
4,P_truck,mdl,329448.8280629952,89300.0,48.35175878779385,53679.214693307586,9.680670995362831,MDP,3.861512913219975,0.0003294488280629952
4,P_truck,mdl,360567.4827658176,97900.0,48.54307818158337,58749.577081849166,9.697015783587567,MH,3.8778577014447095,0.0003605674827658176
4,P_truck,mdl,283858.7084743392,83900.0,53.38211605925553,46250.92353294236,10.556056523802045,RD,4.7368984416591875,0.0002838587084743392
4,P_truck,mdl,338105.47407085437,90300.0,48.00088352716271,55089.69765757233,9.538443613971657,SL,3.719285531828798,0.00033810547407085435
4,P_truck,mdl,280553.67116118723,85500.0,54.71878357804488,45712.41256434922,10.88409007778427,WW,5.064931995641412,0.00028055367116118724
