,Program Name,Simulation,Mitigated Methane (kg),Total Cost ($),Mitigation Ratio ($/tonne CO2e),Value of Mitigated Methane ($),NEW Mitigation Ratio ($/tonne CO2e),Region,netmitigation cost $/tCO2,mitigated methane Mt
1,P_aircraft,site_num_180,132363.49344624,42700.0,11.521303648723848,21566.83459471381,11.521303648723848,BV,5.702145566580992,0.00013236349344624
1,P_aircraft,site_num_180,226560.073345632,82900.0,13.068120264939733,36914.88869320316,13.068120264939733,DV,7.248962182796876,0.000226560073345632
4,P_truck,site_num_180,2069816.32108826,783200.0,13.513966571063593,337248.4744555344,13.513966571063593,EDM,7.694808488920735,0.00206981632108826
1,P_aircraft,site_num_180,222679.207537056,82000.0,13.151526184069455,36282.55428740393,13.151526184069455,GP,7.3323681019265985,0.000222679207537056
1,P_aircraft,site_num_180,195026.4734830272,73100.0,13.38646102290052,31776.91662321617,13.386461022900521,MDP,7.567302940757664,0.0001950264734830272
1,P_aircraft,site_num_180,228027.0175633152,76500.0,11.981662902661244,37153.90734161392,11.981662902661242,MH,6.162504820518383,0.0002280270175633152
1,P_aircraft,site_num_180,302320.305929952,102300.0,12.085100990265492,49258.990246149086,12.085100990265488,RD,6.26594290812263,0.000302320305929952
1,P_aircraft,site_num_180,99931.627630224,35700.0,12.758723441570169,16282.502280411038,12.758723441570167,SL,6.939565359427309,9.9931627630224e-05
1,P_aircraft,site_num_180,286072.86666720966,97000.0,12.10980179506412,46611.69055615154,12.10980179506412,WW,6.290643712921263,0.0002860728666672097
