,Program Name,Simulation,Mitigated Methane (kg),Total Cost ($),Mitigation Ratio ($/tonne CO2e),Value of Mitigated Methane ($),Region
0,P_truck,crew_count,65490.059640337924,26060.0,14.539538034949931,10670.716275970526,BV
0,P_truck,crew_count,56129.772089312646,24900.0,16.099845980285753,9145.584473266086,DV
0,P_truck,crew_count,65404.344518795515,28900.0,16.084116588531092,10656.750160386535,EDM
0,P_truck,crew_count,63611.969013383045,27540.0,15.607306335896794,10364.70690094697,GP
0,P_truck,crew_count,69698.85964899839,27620.0,14.144515972191002,11356.483108393073,MDP
0,P_truck,crew_count,76098.13230852864,30300.0,14.229160333199683,12399.157726456226,MH
0,P_aircraft,crew_count,11755.75250256768,4690.0,14.16897937716008,1915.4403012356597,RD
0,P_truck,crew_count,69132.46059320832,28940.0,15.11704239133708,11264.196070382943,SL
0,P_truck,crew_count,63559.23499855872,27100.0,15.308712653537004,10356.114609027045,WW
