,Program Name,Simulation,Mitigated Methane (kg),Total Cost ($),Mitigation Ratio ($/tonne CO2e),Value of Mitigated Methane ($),Region
0,P_truck,site_num,1127744.3370034252,424100.0,13.433793121878296,183750.632051401,BV
0,P_aircraft,site_num,154653.5355632755,56630.0,13.138631717514272,25198.69439934007,DV
0,P_truck,site_num,1165742.277995399,431700.0,13.22895225115806,189941.88076339144,EDM
0,P_aircraft,site_num,158361.85404578302,58210.0,13.34464785463543,25802.914560462086,GP
0,P_aircraft,site_num,134589.4050525005,49830.0,13.250340626058463,21929.516677097592,MDP
0,P_aircraft,site_num,97042.25052992448,35230.0,13.307492011100155,15811.717501455176,MH
0,P_aircraft,site_num,162566.22973318273,58810.0,12.954897938016888,26487.960509789595,RD
0,P_aircraft,site_num,82118.03284874305,29830.0,13.076133717516786,13380.018807160202,SL
0,P_aircraft,site_num,160755.3973204416,55890.0,12.374899693804533,26192.909947829354,WW
