,Program Name,Simulation,Mitigated Methane (kg),Total Cost ($),Mitigation Ratio ($/tonne CO2e),Value of Mitigated Methane ($),NEW Mitigation Ratio ($/tonne CO2e),Region,netmitigation cost $/tCO2,mitigated methane Mt
4,P_truck,triannual,655789.0305807648,329100.0,91.22575861046687,106851.92104957125,17.92279358220204,BV,12.103635500059182,0.0006557890305807647
4,P_truck,triannual,573375.8213150976,300500.0,94.41858513273576,93423.80725190937,18.717466726321945,DV,12.898308644179089,0.0005733758213150976
1,P_aircraft,triannual,58780.9969931808,28950.0,inf,9577.565584419925,17.589503824654724,EDM,11.770345742511868,5.87809969931808e-05
4,P_truck,triannual,658280.265791328,328100.0,89.51452682653245,107257.83401185312,17.800711568910454,GP,11.981553486767597,0.0006582802657913281
1,P_aircraft,triannual,119234.0645246304,53750.0,80.58742495501602,19427.572366866887,16.099785449705216,MDP,10.280627367562357,0.00011923406452463041
4,P_truck,triannual,688120.7910258817,342100.0,88.84485887913553,112119.94255248626,17.75539600342871,MH,11.936237921285855,0.0006881207910258817
1,P_aircraft,triannual,120117.1357881792,59950.0,89.90119917329369,19571.456842717755,17.824862493783613,RD,12.005704411640753,0.0001201171357881792
1,P_aircraft,triannual,53061.590938032,25050.0,inf,8645.6660012354,16.86046048237917,SL,11.041302400236312,5.3061590938032e-05
4,P_truck,triannual,620740.3510333728,332100.0,96.02557915398523,101141.21445758527,19.10736794534019,WW,13.288209863197334,0.0006207403510333728
