,Program Name,Simulation,Mitigated Methane (kg),Total Cost ($),Mitigation Ratio ($/tonne CO2e),Value of Mitigated Methane ($),Region
0,P_aircraft,site_num_180,132363.49344624,42700.0,11.521303648723848,21566.83459471381,BV
0,P_aircraft,site_num_180,226560.073345632,82900.0,13.068120264939733,36914.88869320316,DV
0,P_truck,site_num_180,2069816.32108826,783200.0,13.513966571063593,337248.4744555344,EDM
0,P_aircraft,site_num_180,222679.207537056,82000.0,13.151526184069455,36282.55428740393,GP
0,P_aircraft,site_num_180,195026.4734830272,73100.0,13.38646102290052,31776.91662321617,MDP
0,P_aircraft,site_num_180,228027.0175633152,76500.0,11.981662902661244,37153.90734161392,MH
0,P_aircraft,site_num_180,302320.305929952,102300.0,12.085100990265492,49258.990246149086,RD
0,P_aircraft,site_num_180,99931.627630224,35700.0,12.758723441570169,16282.502280411038,SL
0,P_aircraft,site_num_180,286072.86666720966,97000.0,12.10980179506412,46611.69055615154,WW
