,Program Name,Simulation,Mitigated Methane (kg),Total Cost ($),Mitigation Ratio ($/tonne CO2e),Value of Mitigated Methane ($),Region
0,P_aircraft,site_num,1124986.0352315963,419990.0,13.337529960226124,183301.20421804217,BV
0,P_aircraft,site_num,1073569.164589129,407550.0,13.563627618809019,174923.5230640292,DV
0,P_aircraft,site_num,1161602.568493321,425830.0,13.094914653757119,189267.37129120273,EDM
0,P_aircraft,site_num,1085159.3860239033,406190.0,13.375405355761648,176811.99232463696,GP
0,P_aircraft,site_num,1104466.3365354221,407790.0,13.193347131871581,179957.7978437348,MDP
0,P_aircraft,site_num,1128945.153092613,417670.0,13.215350116973434,183946.2887336168,MH
0,P_aircraft,site_num,1085238.8892288345,410430.0,13.510781155762652,176824.9462927279,RD
0,P_aircraft,site_num,1116959.1586213536,411750.0,13.167536372926936,181993.33362881822,SL
0,P_aircraft,site_num,1083360.3069670445,406190.0,13.389562323318,176518.85681248122,WW
