Program Name,Simulation,"Total ""True"" Mitigated Emissions (Kg Methane)","Total ""True"" Emissions (Kg Methane)","Total ""Estimated"" Emissions (Kg Methane)","Total ""True"" Mitigable Emissions (Kg Methane)","Total ""True"" Non-Mitigable Emissions (Kg Methane)","Average ""True"" Emissions Rate (g/s)","95th Percentile ""True"" Emissions Rate (g/s)","5th Percentile ""True"" Emissions Rate (g/s)","Average ""True"" Emissions Amount (Kg Methane)","95th Percentile ""True"" Emissions Amount (Kg Methane)","5th Percentile ""True"" Emissions Amount (Kg Methane)","Year 2022 ""True"" Mitigated Emissions (Kg Methane)","Year 2022 ""True"" Emissions (Kg Methane)","Year 2022 ""Estimated"" Emissions (Kg Methane)"
P_aircraft,0,2031922.685677248,4478808.129623625,0.0,2666961.5549575104,1811846.5746661152,0.031411745405738316,0.095690057,0.002586218,336.39838738347794,1470.072376274395,13.194677208960016,2010684.2106390542,1946581.8967365064,2528004.321210095
P_drone,0,2013719.8424338368,4496948.407088957,0.0,2685101.832422842,1811846.5746661152,0.031411745405738316,0.095690057,0.002586218,337.7608838132009,1479.9041455392005,13.406951520000002,1993705.0064574052,1955783.6179691686,2518825.4371477277
P_none,0,0.0,6507547.557808118,0.0,4695700.983142003,1811846.5746661152,0.031411745405738316,0.095690057,0.002586218,488.774790281517,1876.7499499296,14.0773018176,0.0,3424668.9080888387,0.0
P_OGI,0,1884269.2332126528,4626672.071247734,0.0,2814825.496581619,1811846.5746661152,0.031411745405738316,0.095690057,0.002586218,347.50428655909076,1510.5166839360002,13.406952816,1858953.4960838947,2068664.3774360719,2224988.8289224734
P_stationary,0,663513.222765024,5842590.853124188,0.0,4030744.2784580733,1811846.5746661152,0.031411745405738316,0.095690057,0.002586218,438.83061838096654,1785.8061197568,13.816609430400002,556599.5723255243,3075533.7234272007,29720.53278734404
P_truck,0,2036455.7998478687,4474461.372100647,0.0,2662614.797434531,1811846.5746661152,0.031411745405738316,0.095690057,0.002586218,336.0719071729493,1474.6307399683171,13.406951520000002,2014255.4973914088,1945665.0818488048,2487256.383395138
