Program Name,Simulation,Mitigated Methane (kg),Total Cost ($),Mitigation Ratio ($/tonne CO2e),Value of Mitigated Methane ($)
P_aircraft,0,1943941.1223053664,724500.0,13.310588321375812,316738.81940604764
P_drone,0,1952052.1053031583,736400.0,13.473001017006947,318060.3939894879
P_OGI,0,1752586.5896924254,812872.0,16.56474095367679,285560.1957057882
P_stationary,0,628286.9012780833,769900.0,43.764128323373235,102370.8223853518
P_truck,0,1957304.2790923489,736000.0,13.429549286993655,318916.16441700514
