Program Name,Simulation,Mitigated Methane (kg),Total Cost ($),Mitigation Ratio ($/tonne CO2e),Value of Mitigated Methane ($)
P_aircraft,0,228027.0175633152,76500.0,11.981662902661244,37153.907341613914
P_drone,0,192803.37729785283,79100.0,14.65223296185207,31414.693275482692
P_OGI,0,1884269.2332126528,862272.0,16.343433320790787,307016.0950467109
P_stationary,0,557074.3071646368,760100.0,48.730354680324105,90767.6967929544
P_truck,0,2031697.6723571045,777400.0,13.665559641102783,331037.5580558949
