Program Name,Simulation,"Total ""True"" Mitigated Emissions (Kg Methane)","Total ""True"" Emissions (Kg Methane)","Total ""Estimated"" Emissions (Kg Methane)","Total ""True"" Mitigable Emissions (Kg Methane)","Total ""True"" Non-Mitigable Emissions (Kg Methane)","Average ""True"" Emissions Rate (g/s)","95th Percentile ""True"" Emissions Rate (g/s)","5th Percentile ""True"" Emissions Rate (g/s)","Average ""True"" Emissions Amount (Kg Methane)","95th Percentile ""True"" Emissions Amount (Kg Methane)","5th Percentile ""True"" Emissions Amount (Kg Methane)","Year 2022 ""True"" Mitigated Emissions (Kg Methane)","Year 2022 ""True"" Emissions (Kg Methane)","Year 2022 ""Estimated"" Emissions (Kg Methane)"
P_aircraft,0,132363.49344624,6324804.050161766,0.0,4434015.140244605,1890788.9099171618,0.031232607012474323,0.095690057,0.002586218,481.0834449046753,1924.5680698464,13.406954112,132360.82751037748,3332480.9559143097,140928.74793740117
P_drone,0,129465.1336579488,6327266.683984099,0.0,4436477.774066938,1890788.9099171618,0.031232607012474323,0.095690057,0.002586218,481.2707601722141,1922.5346868259178,13.406954112,129317.98358502313,3331230.05498222,132342.07891248018
P_none,0,0.0,6456603.110895187,0.0,4565814.200978026,1890788.9099171618,0.031232607012474323,0.095690057,0.002586218,491.1084742447088,1944.566784907196,13.76074760544001,0.0,3425843.7005278543,0.0
P_OGI,0,1865680.4936051425,4593456.978270134,0.0,2702668.068352973,1890788.9099171618,0.031232607012474323,0.095690057,0.002586218,349.3920269468422,1562.5803547872,13.11647010624001,1840864.7765893133,2081943.1755268073,2128610.639510255
P_stationary,0,538450.7088514176,5916973.707443347,0.0,4026184.797526186,1890788.9099171618,0.031232607012474323,0.095690057,0.002586218,450.06265364291073,1885.0175708544,13.406952816,442110.20340301306,3159670.3838113383,0.0
P_truck,0,2012895.092115936,4446476.554533898,0.0,2555687.644616736,1890788.9099171618,0.031232607012474323,0.095690057,0.002586218,338.21225789411255,1528.7277960431993,12.960053136,1992021.9106015442,1956669.154882676,2387189.6803976935
