Program Name,Simulation,"Average ""True"" Daily Emissions (Kg Methane)","Average ""True"" Mitigable Daily Emissions (Kg Methane)","Average ""True"" Non-Mitigable Daily Emissions (Kg Methane)","95th Percentile ""True"" Daily Emissions (Kg Methane)","95th Percentile ""True"" Mitigable Daily Emissions (Kg Methane)","95th Percentile ""True"" Non-Mitigable Daily Emissions (Kg Methane)","5th Percentile ""True"" Daily Emissions (Kg Methane)","5th Percentile ""True"" Mitigable Daily Emissions (Kg Methane)","5th Percentile ""True"" Non-Mitigable Daily Emissions (Kg Methane)",Average Daily Cost ($),Total Cost ($),95th Percentile Daily Cost ($),5th Percentile Daily Cost ($)
P_aircraft,0,17278.99063846575,12112.798638383561,5166.192000383561,17538.521287999996,12325.101105999995,5308.74362,17004.075458,11967.090774,4978.992166,116.98630136986301,42700.0,0.0,0.0
P_drone,0,17285.684932027398,12119.492931534247,5166.192000383561,17761.292708,12646.465762,5308.74362,17030.91171,11989.837904,4978.992166,137.8082191780822,50300.0,500.0,0.0
P_none,0,17640.08395547945,12473.89195482192,5166.192000383561,17832.53576,12788.08787,5308.74362,17450.810026,12151.034164,4978.992166,0.0,0.0,0.0,0.0
P_OGI,0,12532.603658931508,7366.411658657534,5166.192000383561,17306.983213999996,12188.305493999997,5308.74362,8396.826654,3412.382324,4978.992166,2297.731506849315,838672.0,13076.0,0.0
P_stationary,0,16156.777877753422,10990.585877041096,5166.192000383561,17837.749576,12712.293896000001,5308.74362,15689.881256,10396.287494,4978.992166,2115.890410958904,772300.0,3779.9999999999864,1540.0
P_truck,0,12130.028372849314,6963.836372383562,5166.192000383561,17601.444585999998,12482.766871999997,5308.74362,7445.49163,2448.914004,4978.992166,2062.4657534246576,752800.0,13000.0,0.0
