Program Name,Simulation,Mitigated Methane (kg),Total Cost ($),Mitigation Ratio ($/tonne CO2e),Value of Mitigated Methane ($)
P_aircraft,0,1940867.5783387104,733900.0,13.504638120726094,316238.0271360448
P_drone,0,1963964.6297563969,748600.0,13.613134310382407,320001.3781521099
P_OGI,0,1768907.5437044736,818672.0,16.529007306427356,288219.47362631804
P_stationary,0,646881.2274614688,781100.0,43.12449857433868,105400.51544312914
P_truck,0,1950911.173536048,743800.0,13.616348132415302,317874.4946447028
