Program Name,Simulation,Mitigated Methane (kg),Total Cost ($),Mitigation Ratio ($/tonne CO2e),Value of Mitigated Methane ($)
P_aircraft,0,286072.86666720966,97000.0,12.10980179506412,46611.69055615154
P_drone,0,365309.74532001605,139100.0,13.599027144773364,59522.26439500657
P_OGI,0,1768907.5437044736,818672.0,16.529007306427356,288219.47362631804
P_stationary,0,546258.2479734817,766300.0,50.10058382530039,89005.36676169831
P_truck,0,1951499.7388011743,741800.0,13.575639604815919,317970.3933656468
