Program Name,Simulation,"Total ""True"" Mitigated Emissions (Kg Methane)","Total ""True"" Emissions (Kg Methane)","Total ""Estimated"" Emissions (Kg Methane)","Total ""True"" Mitigable Emissions (Kg Methane)","Total ""True"" Non-Mitigable Emissions (Kg Methane)","Average ""True"" Emissions Rate (g/s)","95th Percentile ""True"" Emissions Rate (g/s)","5th Percentile ""True"" Emissions Rate (g/s)","Average ""True"" Emissions Amount (Kg Methane)","95th Percentile ""True"" Emissions Amount (Kg Methane)","5th Percentile ""True"" Emissions Amount (Kg Methane)","Year 2022 ""True"" Mitigated Emissions (Kg Methane)","Year 2022 ""True"" Emissions (Kg Methane)","Year 2022 ""Estimated"" Emissions (Kg Methane)"
P_aircraft,0,286072.86666720966,6168181.418656445,0.0,4176364.5663359044,1991816.8523205407,0.031044971387385337,0.095690057,0.002586218,467.60529290095104,1893.2851917792,13.8538525824,286005.9488671288,3191970.7449104465,363349.7964182005
P_drone,0,365309.74532001605,6089104.082740465,0.0,4097287.2304199236,1991816.8523205407,0.031044971387385337,0.095690057,0.002586218,461.6104982746164,1876.7499499296,13.8538525824,364615.46332710923,3132877.9908113033,441688.6319566736
P_none,0,0.0,6453747.502506691,0.0,4461930.65018615,1991816.8523205407,0.031044971387385337,0.095690057,0.002586218,489.25384751017293,1921.9537202486358,14.0773018176,0.0,3399792.3536908343,0.0
P_OGI,0,1768907.5437044736,4687841.99898458,0.0,2696025.1466640383,1991816.8523205407,0.031044971387385337,0.095690057,0.002586218,355.381851185246,1546.0451129376,13.4069522976,1746543.5705719544,2127217.4903496075,2224515.71121586
P_stationary,0,546258.2479734817,5906251.345890643,0.0,3914434.4935701024,1991816.8523205407,0.031044971387385337,0.095690057,0.002586218,447.7485668933851,1868.4823290048,13.816609430400002,444225.43314062373,3138474.8601143216,0.0
P_truck,0,1951499.7388011743,4504875.526457021,0.0,2513058.6741364803,1991816.8523205407,0.031044971387385337,0.095690057,0.002586218,341.51129758600723,1475.0999830511953,12.9600556416,1929987.988327098,1990372.6804391823,2484632.603665552
