Program Name,Simulation,"Average ""True"" Daily Emissions (Kg Methane)","Average ""True"" Mitigable Daily Emissions (Kg Methane)","Average ""True"" Non-Mitigable Daily Emissions (Kg Methane)","95th Percentile ""True"" Daily Emissions (Kg Methane)","95th Percentile ""True"" Mitigable Daily Emissions (Kg Methane)","95th Percentile ""True"" Non-Mitigable Daily Emissions (Kg Methane)","5th Percentile ""True"" Daily Emissions (Kg Methane)","5th Percentile ""True"" Mitigable Daily Emissions (Kg Methane)","5th Percentile ""True"" Non-Mitigable Daily Emissions (Kg Methane)",Average Daily Cost ($),Total Cost ($),95th Percentile Daily Cost ($),5th Percentile Daily Cost ($)
P_aircraft,0,16850.386472794522,11408.437741150685,5441.948732109589,17652.145206,12190.674052,5609.1115,16053.961954,10687.531194,5338.618778,265.75342465753425,97000.0,99.99999999999432,0.0
P_drone,0,16633.59849487671,11191.649762986302,5441.948732109589,17617.026439999998,12155.279696,5609.1115,15615.78549,10236.163784,5338.618778,381.09589041095893,139100.0,1500.0,0.0
P_none,0,17632.796649123287,12190.84791709589,5441.948732109589,17805.327092,12324.475446,5609.1115,17471.181141999998,12083.01622,5338.618778,0.0,0.0,0.0,0.0
P_OGI,0,12791.782295369865,7349.83356350685,5441.948732109589,17236.023183999998,11807.056447999994,5609.1115,8781.621094,3381.903854,5338.618778,2242.93698630137,818672.0,12676.0,0.0
P_stationary,0,16127.700905068494,10685.75217331507,5441.948732109589,17673.186675999998,12242.737722,5609.1115,15821.388562,10294.93093,5338.618778,2099.4520547945203,766300.0,4140.0,1540.0
P_truck,0,12290.316346438356,6848.367614054795,5441.948732109589,17496.564969999996,12067.598227999997,5609.1115,7666.7957240000005,2290.980102,5338.618778,2032.3287671232877,741800.0,13000.0,0.0
