Program Name,Simulation,"Average ""True"" Daily Emissions (Kg Methane)","Average ""True"" Mitigable Daily Emissions (Kg Methane)","Average ""True"" Non-Mitigable Daily Emissions (Kg Methane)","95th Percentile ""True"" Daily Emissions (Kg Methane)","95th Percentile ""True"" Mitigable Daily Emissions (Kg Methane)","95th Percentile ""True"" Non-Mitigable Daily Emissions (Kg Methane)","5th Percentile ""True"" Daily Emissions (Kg Methane)","5th Percentile ""True"" Mitigable Daily Emissions (Kg Methane)","5th Percentile ""True"" Non-Mitigable Daily Emissions (Kg Methane)",Average Daily Cost ($),Total Cost ($),95th Percentile Daily Cost ($),5th Percentile Daily Cost ($)
P_aircraft,0,12317.890591479452,6875.941859589041,5441.948732109589,17564.627597999995,12121.494175999998,5609.1115,7694.503428,2318.687808,5338.618778,2010.6849315068494,733900.0,13000.0,0.0
P_drone,0,12256.867529534247,6814.918797534247,5441.948732109589,17486.330993999996,12057.364257999996,5609.1115,7616.072754,2240.257132,5338.618778,2050.958904109589,748600.0,13279.999999999996,0.0
P_none,0,17632.796649123287,12190.84791709589,5441.948732109589,17805.327092,12324.475446,5609.1115,17471.181141999998,12083.01622,5338.618778,0.0,0.0,0.0,0.0
P_OGI,0,12791.782295369865,7349.83356350685,5441.948732109589,17236.023183999998,11807.056447999994,5609.1115,8781.621094,3381.903854,5338.618778,2242.93698630137,818672.0,12676.0,0.0
P_stationary,0,15851.355446986301,10409.406715315068,5441.948732109589,17690.57847,12242.737722,5609.1115,15545.034020000001,10158.85036,5338.618778,2140.0,781100.0,2619.9999999999955,1540.0
P_truck,0,12292.811019205481,6850.862286849315,5441.948732109589,17448.478695999995,12019.511959999996,5609.1115,7672.605404,2296.7897820000003,5338.618778,2037.8082191780823,743800.0,13000.0,0.0
