Program Name,Simulation,Mitigated Methane (kg),Total Cost ($),Mitigation Ratio ($/tonne CO2e),Value of Mitigated Methane ($)
P_aircraft,0,222679.207537056,82000.0,13.151526184069455,36282.55428740393
P_drone,0,259957.4633340768,104000.0,14.288051847591724,42356.54006566776
P_OGI,0,1784251.5779636642,808672.0,16.18669878947475,290719.5757335353
P_stationary,0,554646.7550204928,768500.0,49.48452023380989,90372.16012193068
P_truck,0,1927122.5471717373,725400.0,13.443433005941639,313998.4608783161
