Program Name,Simulation,"Total ""True"" Mitigated Emissions (Kg Methane)","Total ""True"" Emissions (Kg Methane)","Total ""Estimated"" Emissions (Kg Methane)","Total ""True"" Mitigable Emissions (Kg Methane)","Total ""True"" Non-Mitigable Emissions (Kg Methane)","Average ""True"" Emissions Rate (g/s)","95th Percentile ""True"" Emissions Rate (g/s)","5th Percentile ""True"" Emissions Rate (g/s)","Average ""True"" Emissions Amount (Kg Methane)","95th Percentile ""True"" Emissions Amount (Kg Methane)","5th Percentile ""True"" Emissions Amount (Kg Methane)","Year 2022 ""True"" Mitigated Emissions (Kg Methane)","Year 2022 ""True"" Emissions (Kg Methane)","Year 2022 ""Estimated"" Emissions (Kg Methane)"
P_aircraft,0,222679.207537056,6309555.018595833,0.0,4272925.68666193,2036629.331933904,0.03147031973727584,0.095690057,0.002586218,481.46165727553097,1942.6674560832,13.742126997120005,222642.49733346284,3296635.4689930095,295517.50491147727
P_drone,0,259957.4633340768,6272458.650458554,0.0,4235829.318524649,2036629.331933904,0.03147031973727584,0.095690057,0.002586218,478.6309538694051,1930.6012013568002,13.816609430400002,259396.5389467032,3269721.0714631053,336582.964034957
P_none,0,0.0,6531931.675897373,0.0,4495302.343963469,2036629.331933904,0.03147031973727584,0.095690057,0.002586218,498.4304979700399,1979.268447323517,13.85385151104,0.0,3458354.0810321462,0.0
P_OGI,0,1784251.5779636642,4749445.346721495,0.0,2712816.0147875906,2036629.331933904,0.03147031973727584,0.095690057,0.002586218,362.41475366054897,1606.4210829657586,13.406952816,1759674.6796359846,2170800.712687232,2237779.4333681907
P_stationary,0,554646.7550204928,5975810.826415344,0.0,3939181.49448144,2036629.331933904,0.03147031973727584,0.095690057,0.002586218,455.99472158835135,1909.8204336288,13.742126997120005,445260.8459777151,3202779.788019261,4193469.482006847
P_truck,0,1927122.5471717375,4607931.60803497,0.0,2571302.276101066,2036629.331933904,0.03147031973727584,0.095690057,0.002586218,351.61629973559485,1579.1155966368,13.1835048768,1907978.6527027746,2046378.001304971,2532813.2077933876
