Program Name,Simulation,"Total ""True"" Mitigated Emissions (Kg Methane)","Total ""True"" Emissions (Kg Methane)","Total ""Estimated"" Emissions (Kg Methane)","Total ""True"" Mitigable Emissions (Kg Methane)","Total ""True"" Non-Mitigable Emissions (Kg Methane)","Average ""True"" Emissions Rate (g/s)","95th Percentile ""True"" Emissions Rate (g/s)","5th Percentile ""True"" Emissions Rate (g/s)","Average ""True"" Emissions Amount (Kg Methane)","95th Percentile ""True"" Emissions Amount (Kg Methane)","5th Percentile ""True"" Emissions Amount (Kg Methane)","Year 2022 ""True"" Mitigated Emissions (Kg Methane)","Year 2022 ""True"" Emissions (Kg Methane)","Year 2022 ""Estimated"" Emissions (Kg Methane)"
P_aircraft,0,1929412.2313069345,4606145.354977516,0.0,2569516.023043613,2036629.331933904,0.03147031973727584,0.095690057,0.002586218,351.4799965644805,1574.6466026016,12.9600556416,1909447.1232327467,2043872.8643344496,2592637.1539441305
P_drone,0,1907300.814328253,4627868.864123549,0.0,2591239.5321896444,2036629.331933904,0.03147031973727584,0.095690057,0.002586218,353.1376470143876,1587.3832175616,12.9600556416,1889590.3509504609,2054995.694427447,2587026.5305359424
P_none,0,0.0,6531931.675897373,0.0,4495302.343963469,2036629.331933904,0.03147031973727584,0.095690057,0.002586218,498.4304979700399,1979.268447323517,13.85385151104,0.0,3458354.0810321462,0.0
P_OGI,0,1784251.5779636642,4749445.346721495,0.0,2712816.0147875906,2036629.331933904,0.03147031973727584,0.095690057,0.002586218,362.41475366054897,1606.4210829657586,13.406952816,1759674.6796359846,2170800.712687232,2237779.4333681907
P_stationary,0,694008.4542175872,5836330.922584493,0.0,3799701.590650589,2036629.331933904,0.03147031973727584,0.095690057,0.002586218,445.3514629976721,1852.0364622528,13.6304033472,581429.1349720109,3084122.785986238,37197.32967567364
P_truck,0,1920981.4924033727,4614573.412489047,0.0,2577944.0805551424,2036629.331933904,0.03147031973727584,0.095690057,0.002586218,352.12311426852705,1581.2160117235196,12.9600556416,1902383.5832448222,2048477.2196170802,2521413.983415734
