Program Name,Simulation,"Average ""True"" Daily Emissions (Kg Methane)","Average ""True"" Mitigable Daily Emissions (Kg Methane)","Average ""True"" Non-Mitigable Daily Emissions (Kg Methane)","95th Percentile ""True"" Daily Emissions (Kg Methane)","95th Percentile ""True"" Mitigable Daily Emissions (Kg Methane)","95th Percentile ""True"" Non-Mitigable Daily Emissions (Kg Methane)","5th Percentile ""True"" Daily Emissions (Kg Methane)","5th Percentile ""True"" Mitigable Daily Emissions (Kg Methane)","5th Percentile ""True"" Non-Mitigable Daily Emissions (Kg Methane)",Average Daily Cost ($),Total Cost ($),95th Percentile Daily Cost ($),5th Percentile Daily Cost ($)
P_aircraft,0,17237.709159863014,11673.090378958905,5564.618780575342,17822.09323,12259.138896,5702.952718,16473.27185,10936.67707,5458.827004,224.65753424657535,82000.0,0.0,0.0
P_drone,0,17135.943653479455,11571.324873150686,5564.618780575342,17759.385933999998,12200.55051,5702.952718,16309.930476,10798.093868,5458.827004,284.93150684931504,104000.0,1500.0,0.0
P_none,0,17846.98231460274,12282.36353369863,5564.618780575342,18174.919542,12478.52133,5702.952718,17555.153356,12048.515668,5458.827004,0.0,0.0,0.0,0.0
P_OGI,0,12960.524512493152,7395.905731753426,5564.618780575342,17209.566804,11669.724559999997,5702.952718,8785.240972,3351.29131,5458.827004,2215.539726027397,808672.0,12355.999999999996,0.0
P_stationary,0,16317.849556739726,10753.230776328766,5564.618780575342,17670.408462,12141.023637999999,5702.952718,15926.29797,10373.09346,5458.827004,2105.4794520547944,768500.0,3819.9999999999955,1540.0
P_truck,0,12573.028681041096,7008.409900739726,5564.618780575342,17475.605433999997,11935.763193999997,5702.952718,7876.1304,2370.215198,5458.827004,1987.3972602739725,725400.0,12400.0,0.0
