Program Name,Simulation,"Average ""True"" Daily Emissions (Kg Methane)","Average ""True"" Mitigable Daily Emissions (Kg Methane)","Average ""True"" Non-Mitigable Daily Emissions (Kg Methane)","95th Percentile ""True"" Daily Emissions (Kg Methane)","95th Percentile ""True"" Mitigable Daily Emissions (Kg Methane)","95th Percentile ""True"" Non-Mitigable Daily Emissions (Kg Methane)","5th Percentile ""True"" Daily Emissions (Kg Methane)","5th Percentile ""True"" Mitigable Daily Emissions (Kg Methane)","5th Percentile ""True"" Non-Mitigable Daily Emissions (Kg Methane)",Average Daily Cost ($),Total Cost ($),95th Percentile Daily Cost ($),5th Percentile Daily Cost ($)
P_aircraft,0,12568.065659397258,7003.446879315069,5564.618780575342,17589.162328,12049.320083999999,5702.952718,7850.880636,2344.965438,5458.827004,1967.945205479452,718300.0,12679.999999999996,0.0
P_drone,0,12627.789043397263,7063.17026260274,5564.618780575342,17460.232133999998,11920.389889999999,5702.952718,7926.62992,2420.714718,5458.827004,1984.109589041096,724200.0,12600.0,0.0
P_none,0,17846.98231460274,12282.36353369863,5564.618780575342,18174.919542,12478.52133,5702.952718,17555.153356,12048.515668,5458.827004,0.0,0.0,0.0,0.0
P_OGI,0,12960.524512493152,7395.905731753426,5564.618780575342,17209.566804,11669.724559999997,5702.952718,8785.240972,3351.29131,5458.827004,2215.539726027397,808672.0,12355.999999999996,0.0
P_stationary,0,15935.756911616438,10371.138131068494,5564.618780575342,17665.648994,12136.28652,5702.952718,15522.875312,10026.389664,5458.827004,2129.5890410958905,777300.0,2540.0,1540.0
P_truck,0,12591.294583041095,7026.67580260274,5564.618780575342,17477.080201999997,11937.237961999997,5702.952718,7900.933260000001,2395.018058,5458.827004,1990.6849315068494,726600.0,12800.0,0.0
