Program Name,Simulation,Mitigated Methane (kg),Total Cost ($),Mitigation Ratio ($/tonne CO2e),Value of Mitigated Methane ($)
P_aircraft,0,1970985.40427088,744100.0,13.483103397120692,321145.31806135795
P_drone,0,1984790.5436054303,754400.0,13.57466017241026,323394.67812910315
P_OGI,0,1821368.2800798432,827872.0,16.233321655058703,296767.2385323872
P_stationary,0,687458.9344561056,781300.0,40.58943746312323,112012.10200828378
P_truck,0,2002268.0707454304,755200.0,13.470438332159638,326242.403941856
