Program Name,Simulation,"Total ""True"" Mitigated Emissions (Kg Methane)","Total ""True"" Emissions (Kg Methane)","Total ""Estimated"" Emissions (Kg Methane)","Total ""True"" Mitigable Emissions (Kg Methane)","Total ""True"" Non-Mitigable Emissions (Kg Methane)","Average ""True"" Emissions Rate (g/s)","95th Percentile ""True"" Emissions Rate (g/s)","5th Percentile ""True"" Emissions Rate (g/s)","Average ""True"" Emissions Amount (Kg Methane)","95th Percentile ""True"" Emissions Amount (Kg Methane)","5th Percentile ""True"" Emissions Amount (Kg Methane)","Year 2022 ""True"" Mitigated Emissions (Kg Methane)","Year 2022 ""True"" Emissions (Kg Methane)","Year 2022 ""Estimated"" Emissions (Kg Methane)"
P_aircraft,0,1839436.383329453,4619809.013905383,0.0,2516111.6609876836,2103697.352917699,0.03147011403306989,0.095690057,0.002586218,354.470115392111,1590.958400832,12.5131571712,1820993.379148749,2047795.2026203333,2596986.2589464607
P_drone,0,1838211.8816617345,4620864.141069062,0.0,2517166.788151363,2103697.352917699,0.03147011403306989,0.095690057,0.002586218,354.55107351101526,1586.489416559992,12.5131571712,1819128.62151026,2049967.5795119242,2606140.265761351
P_none,0,0.0,6456081.803270112,0.0,4352384.450352413,2103697.352917699,0.031470114033069894,0.095690057,0.002586218,495.36421416942466,1948.47714259199,13.8538525824,0.0,3390987.4331603576,0.0
P_OGI,0,1722058.7349829539,4736180.246993482,0.0,2632482.894075782,2103697.352917699,0.03147011403306989,0.095690057,0.002586218,363.39908286606936,1617.7723064640002,12.960053136,1698456.8800863808,2150016.6448892606,2310266.9549539792
P_stationary,0,625608.8623580256,5829276.593823811,0.0,3725579.2409061124,2103697.352917699,0.031470114033069894,0.095690057,0.002586218,447.2705128384724,1876.303039881589,13.406952816,519600.5236480727,3056723.49684207,0.0
P_truck,0,1833066.5166305567,4626320.323954954,0.0,2522622.971037255,2103697.352917699,0.03147011403306989,0.095690057,0.002586218,354.9697171760112,1595.6508384863998,12.7366064064,1814824.9626153896,2051753.6854025424,2550880.9772907747
