Program Name,Simulation,"Average ""True"" Daily Emissions (Kg Methane)","Average ""True"" Mitigable Daily Emissions (Kg Methane)","Average ""True"" Non-Mitigable Daily Emissions (Kg Methane)","95th Percentile ""True"" Daily Emissions (Kg Methane)","95th Percentile ""True"" Mitigable Daily Emissions (Kg Methane)","95th Percentile ""True"" Non-Mitigable Daily Emissions (Kg Methane)","5th Percentile ""True"" Daily Emissions (Kg Methane)","5th Percentile ""True"" Mitigable Daily Emissions (Kg Methane)","5th Percentile ""True"" Non-Mitigable Daily Emissions (Kg Methane)",Average Daily Cost ($),Total Cost ($),95th Percentile Daily Cost ($),5th Percentile Daily Cost ($)
P_aircraft,0,12606.2992489863,6858.160812657535,5748.138436821919,17387.328105999997,11736.982773999998,5824.479296,8103.81025,2408.871908,5652.185058,1951.5068493150684,712300.0,12600.0,0.0
P_drone,0,12609.197354712329,6861.058918219178,5748.138436821919,17317.656639999997,11667.311307999997,5824.479296,8111.742696,2412.447098,5652.185058,1978.0821917808219,722000.0,12600.0,0.0
P_none,0,17639.84356734247,11891.70513049315,5748.138436821919,17823.761652,12047.443105999999,5824.479296,17437.633972,11709.141004000001,5652.185058,0.0,0.0,0.0,0.0
P_OGI,0,12925.00700490411,7176.868568246574,5748.138436821919,17062.462739999995,11401.227985999996,5824.479296,8938.333476,3292.211338,5652.185058,2215.539726027397,808672.0,12355.999999999996,0.0
P_stationary,0,15917.624977753423,10169.486541041095,5748.138436821919,17455.279006,11809.24625,5824.479296,15588.591728,9843.29538,5652.185058,2112.6027397260273,771100.0,2540.0,1540.0
P_truck,0,12624.202122136987,6876.063685890411,5748.138436821919,17332.091456,11679.243495999997,5824.479296,8131.182782,2431.887178,5652.185058,1970.4109589041095,719200.0,12600.0,0.0
