Program Name,Simulation,"Total ""True"" Mitigated Emissions (Kg Methane)","Total ""True"" Emissions (Kg Methane)","Total ""Estimated"" Emissions (Kg Methane)","Total ""True"" Mitigable Emissions (Kg Methane)","Total ""True"" Non-Mitigable Emissions (Kg Methane)","Average ""True"" Emissions Rate (g/s)","95th Percentile ""True"" Emissions Rate (g/s)","5th Percentile ""True"" Emissions Rate (g/s)","Average ""True"" Emissions Amount (Kg Methane)","95th Percentile ""True"" Emissions Amount (Kg Methane)","5th Percentile ""True"" Emissions Amount (Kg Methane)","Year 2022 ""True"" Mitigated Emissions (Kg Methane)","Year 2022 ""True"" Emissions (Kg Methane)","Year 2022 ""Estimated"" Emissions (Kg Methane)"
P_aircraft,0,99931.62763022401,6299035.179466177,0.0,4500244.146775766,1798791.0326904096,0.03096638191993911,0.095690057,0.002586218,479.3786285742905,1901.552812704,12.736605339359999,99921.00945606262,3313711.0045970036,114617.75197849885
P_drone,0,153555.41679408,6245479.54231249,0.0,4446688.50962208,1798791.0326904096,0.03096638191993911,0.095690057,0.002586218,475.30285710140714,1898.323959803038,12.591363828960004,153270.86550304425,3273213.9464863045,204727.74358026218
P_none,0,0.0,6398759.893124996,0.0,4599968.860434586,1798791.0326904096,0.03096638191993911,0.095690057,0.002586218,486.96802839611837,1916.211079405438,12.7366064064,0.0,3383851.9271120867,0.0
P_OGI,0,1821368.2800798432,4579486.672870915,0.0,2780695.6401805053,1798791.0326904096,0.03096638191993911,0.095690057,0.002586218,348.5149674939814,1519.45465248,12.066256368,1795387.6768085293,2077711.563503506,2197353.2251284244
P_stationary,0,589785.4843883136,5807871.463419994,0.0,4009080.4307295843,1798791.0326904096,0.03096638191993911,0.095690057,0.002586218,441.99935033637706,1859.5108390276794,12.5131571712,486220.632465987,3089394.307928279,0.0
P_truck,0,1986161.1810868802,4415806.772397533,0.0,2617015.7397071235,1798791.0326904096,0.03096638191993911,0.095690057,0.002586218,336.0583540637392,1462.6650373286393,11.842809465600002,1965052.4743826801,1942001.4764698697,2379031.549010432
