Program Name,Simulation,"Average ""True"" Daily Emissions (Kg Methane)","Average ""True"" Mitigable Daily Emissions (Kg Methane)","Average ""True"" Non-Mitigable Daily Emissions (Kg Methane)","95th Percentile ""True"" Daily Emissions (Kg Methane)","95th Percentile ""True"" Mitigable Daily Emissions (Kg Methane)","95th Percentile ""True"" Non-Mitigable Daily Emissions (Kg Methane)","5th Percentile ""True"" Daily Emissions (Kg Methane)","5th Percentile ""True"" Mitigable Daily Emissions (Kg Methane)","5th Percentile ""True"" Non-Mitigable Daily Emissions (Kg Methane)",Average Daily Cost ($),Total Cost ($),95th Percentile Daily Cost ($),5th Percentile Daily Cost ($)
P_aircraft,0,17209.119600438356,12294.818531753424,4914.301068684932,17428.301241999998,12532.23852,5096.541348,17035.410484,12029.075584,4761.203668,97.8082191780822,35700.0,0.0,0.0
P_drone,0,17062.32693523288,12148.025866520547,4914.301068684932,17584.603964,12557.130766,5096.541348,16816.124876,11747.887092,4761.203668,184.93150684931507,67500.0,1000.0,0.0
P_none,0,17482.34534049315,12568.044271671233,4914.301068684932,17726.06221,12654.73338,5096.541348,17198.461384000002,12419.44136,4761.203668,0.0,0.0,0.0,0.0
P_OGI,0,12494.987055369862,7580.68598709589,4914.301068684932,17076.368721999996,12067.419467999995,5096.541348,8651.871582,3594.448742,4761.203668,2268.142465753425,827872.0,12476.0,0.0
P_stationary,0,15858.129739205478,10943.82867030137,4914.301068684932,17597.861944,12561.197542,5096.541348,15347.914584,10576.43225,4761.203668,2111.5068493150684,770700.0,3379.9999999999864,1540.0
P_truck,0,12046.676307561644,7132.375238931506,4914.301068684932,17417.084085999995,12408.134827999997,5096.541348,7560.575416,2471.661136,4761.203668,2059.178082191781,751600.0,13279.999999999996,0.0
