Program Name,Simulation,Mitigated Methane (kg),Total Cost ($),Mitigation Ratio ($/tonne CO2e),Value of Mitigated Methane ($)
P_aircraft,0,302320.305929952,102300.0,12.085100990265492,49258.990246149086
P_drone,0,331134.52887095045,122700.0,13.23372368349621,53953.87675876684
P_OGI,0,1722058.734982954,808672.0,16.771287918602116,280586.09615682135
P_stationary,0,502156.9704249505,764100.0,54.34413404874605,81819.66220267622
P_truck,0,1843497.796279824,717200.0,13.894394539540706,300372.94281776
