Program Name,Simulation,"Total ""True"" Mitigated Emissions (Kg Methane)","Total ""True"" Emissions (Kg Methane)","Total ""Estimated"" Emissions (Kg Methane)","Total ""True"" Mitigable Emissions (Kg Methane)","Total ""True"" Non-Mitigable Emissions (Kg Methane)","Average ""True"" Emissions Rate (g/s)","95th Percentile ""True"" Emissions Rate (g/s)","5th Percentile ""True"" Emissions Rate (g/s)","Average ""True"" Emissions Amount (Kg Methane)","95th Percentile ""True"" Emissions Amount (Kg Methane)","5th Percentile ""True"" Emissions Amount (Kg Methane)","Year 2022 ""True"" Mitigated Emissions (Kg Methane)","Year 2022 ""True"" Emissions (Kg Methane)","Year 2022 ""Estimated"" Emissions (Kg Methane)"
P_aircraft,0,302320.305929952,6154102.480840243,0.0,4050405.127922544,2103697.352917699,0.031470114033069894,0.095690057,0.002586218,472.1938525926681,1885.9113627839984,13.406954112000024,302235.6095647069,3170267.9702627934,496425.5711467492
P_drone,0,331134.52887095045,6125423.668123076,0.0,4021726.3152053766,2103697.352917699,0.031470114033069894,0.095690057,0.002586218,469.99337590140993,1885.0175708544,13.6304033472,330517.14928399905,3147367.6151278107,527383.3421874231
P_none,0,0.0,6456081.803270112,0.0,4352384.450352413,2103697.352917699,0.031470114033069894,0.095690057,0.002586218,495.36421416942466,1948.47714259199,13.8538525824,0.0,3390987.4331603576,0.0
P_OGI,0,1722058.7349829539,4736180.246993482,0.0,2632482.894075782,2103697.352917699,0.03147011403306989,0.095690057,0.002586218,363.39908286606936,1617.7723064640002,12.960053136,1698456.8800863808,2150016.6448892606,2310266.9549539792
P_stationary,0,502156.9704249505,5952815.184051072,0.0,3849117.831133373,2103697.352917699,0.031470114033069894,0.095690057,0.002586218,456.7494194775625,1901.552812703998,13.406954112,395252.24955914274,3166565.4190098476,0.0
P_truck,0,1843497.796279824,4615023.625503812,0.0,2511326.272586112,2103697.352917699,0.03147011403306989,0.095690057,0.002586218,354.10294065094854,1590.958400832,12.5131571712,1824278.8736774814,2047436.571301932,2571327.1388803227
