Program Name,Simulation,"Average ""True"" Daily Emissions (Kg Methane)","Average ""True"" Mitigable Daily Emissions (Kg Methane)","Average ""True"" Non-Mitigable Daily Emissions (Kg Methane)","95th Percentile ""True"" Daily Emissions (Kg Methane)","95th Percentile ""True"" Mitigable Daily Emissions (Kg Methane)","95th Percentile ""True"" Non-Mitigable Daily Emissions (Kg Methane)","5th Percentile ""True"" Daily Emissions (Kg Methane)","5th Percentile ""True"" Mitigable Daily Emissions (Kg Methane)","5th Percentile ""True"" Non-Mitigable Daily Emissions (Kg Methane)",Average Daily Cost ($),Total Cost ($),95th Percentile Daily Cost ($),5th Percentile Daily Cost ($)
P_aircraft,0,16812.460716849317,11064.322280630138,5748.138436821919,17704.045014,11950.33208,5824.479296,15898.277444,10127.34402,5652.185058,280.2739726027397,102300.0,99.99999999999432,0.0
P_drone,0,16733.757618821917,10985.619182328766,5748.138436821919,17637.621014,11885.53181,5824.479296,15822.513258,10034.567904,5652.185058,336.16438356164383,122700.0,1699.9999999999886,0.0
P_none,0,17639.84356734247,11891.70513049315,5748.138436821919,17823.761652,12047.443105999999,5824.479296,17437.633972,11709.141004000001,5652.185058,0.0,0.0,0.0,0.0
P_OGI,0,12925.00700490411,7176.868568246574,5748.138436821919,17062.462739999995,11401.227985999996,5824.479296,8938.333476,3292.211338,5652.185058,2215.539726027397,808672.0,12355.999999999996,0.0
P_stationary,0,16255.710984301371,10507.572547589041,5748.138436821919,17452.32948,11806.654238000001,5824.479296,15848.150332000001,10103.122124,5652.185058,2093.4246575342468,764100.0,4219.999999999995,1540.0
P_truck,0,12593.193493315068,6845.055056794521,5748.138436821919,17288.474167999997,11627.492657999996,5824.479296,8110.6254500000005,2411.553298,5652.185058,1964.9315068493152,717200.0,12279.999999999996,0.0
