Program Name,Simulation,Mitigated Methane (kg),Total Cost ($),Mitigation Ratio ($/tonne CO2e),Value of Mitigated Methane ($)
P_aircraft,0,226560.073345632,82900.0,13.068120264939733,36914.88869320316
P_drone,0,251978.9855197824,108200.0,15.335745980223164,41056.55540329279
P_OGI,0,1752586.5896924254,812872.0,16.56474095367679,285560.1957057882
P_stationary,0,564346.0147738465,764300.0,48.36824901185352,91952.52284389755
P_truck,0,1955370.549569472,735800.0,13.439177262006616,318601.08943911677
