Program Name,Simulation,"Total ""True"" Mitigated Emissions (Kg Methane)","Total ""True"" Emissions (Kg Methane)","Total ""Estimated"" Emissions (Kg Methane)","Total ""True"" Mitigable Emissions (Kg Methane)","Total ""True"" Non-Mitigable Emissions (Kg Methane)","Average ""True"" Emissions Rate (g/s)","95th Percentile ""True"" Emissions Rate (g/s)","5th Percentile ""True"" Emissions Rate (g/s)","Average ""True"" Emissions Amount (Kg Methane)","95th Percentile ""True"" Emissions Amount (Kg Methane)","5th Percentile ""True"" Emissions Amount (Kg Methane)","Year 2022 ""True"" Mitigated Emissions (Kg Methane)","Year 2022 ""True"" Emissions (Kg Methane)","Year 2022 ""Estimated"" Emissions (Kg Methane)"
P_aircraft,0,226560.073345632,6239829.777010703,0.0,4244682.82292113,1995146.9540895745,0.031310981327701666,0.095690057,0.002586218,474.87289018346297,1858.2036536448,13.406954112,226528.00592140146,3220137.351356391,345730.0439358138
P_drone,0,251978.9855197824,6214276.348408973,0.0,4219129.394319398,1995146.9540895745,0.031310981327701666,0.095690057,0.002586218,472.9281848104241,1852.1705248992,13.406952816,251873.1981572248,3199880.3328118585,383846.420092781
P_none,0,0.0,6465764.192557738,0.0,4470617.238468163,1995146.9540895745,0.031310981327701666,0.095690057,0.002586218,492.0672901489907,1898.480376626398,13.8538525824,0.0,3388757.2986969077,0.0
P_OGI,0,1752586.5896924254,4716280.4186455775,0.0,2721133.4645560035,1995146.9540895745,0.031310981327701666,0.095690057,0.002586218,358.9254504296482,1561.563659436479,12.9600556416,1729410.273126972,2123824.3948921883,2198760.657936497
P_stationary,0,564346.0147738465,5900139.37793569,0.0,3904992.4238461154,1995146.9540895745,0.031310981327701666,0.095690057,0.002586218,449.0212616389414,1842.8191850721591,13.406954112,455538.98098010203,3106519.542928896,0.0
P_truck,0,1955370.549569472,4514107.36891726,0.0,2518960.4148276863,1995146.9540895745,0.031310981327701666,0.095690057,0.002586218,343.53937358578844,1507.0308740697587,12.7366064064,1933734.8204288387,1968400.6717240543,2438599.7580594243
