Program Name,Simulation,"Average ""True"" Daily Emissions (Kg Methane)","Average ""True"" Mitigable Daily Emissions (Kg Methane)","Average ""True"" Non-Mitigable Daily Emissions (Kg Methane)","95th Percentile ""True"" Daily Emissions (Kg Methane)","95th Percentile ""True"" Mitigable Daily Emissions (Kg Methane)","95th Percentile ""True"" Non-Mitigable Daily Emissions (Kg Methane)","5th Percentile ""True"" Daily Emissions (Kg Methane)","5th Percentile ""True"" Mitigable Daily Emissions (Kg Methane)","5th Percentile ""True"" Non-Mitigable Daily Emissions (Kg Methane)",Average Daily Cost ($),Total Cost ($),95th Percentile Daily Cost ($),5th Percentile Daily Cost ($)
P_aircraft,0,12347.249066328768,6895.369085205479,5451.879980904109,17316.569187999994,12077.608757999997,5597.238896,7480.014532,2139.7943640000003,5230.052254,1984.9315068493152,724500.0,12679.999999999996,0.0
P_drone,0,12326.382582767124,6874.502602136986,5451.879980904109,17329.350479999997,12090.390049999996,5597.238896,7463.255842,2123.035674,5230.052254,2017.5342465753424,736400.0,13000.0,0.0
P_none,0,17666.311278739726,12214.431297945206,5451.879980904109,17981.703004,12390.661106,5597.238896,17411.170132,12075.10612,5230.052254,0.0,0.0,0.0,0.0
P_OGI,0,12870.431217616439,7418.551237260273,5451.879980904109,17108.493277999994,11869.532847999995,5597.238896,8731.188608,3351.6488280000003,5230.052254,2227.0465753424655,812872.0,12276.0,0.0
P_stationary,0,15936.255437287671,10484.375456493151,5451.879980904109,17527.63186,12298.868166,5597.238896,15543.760368,10214.71266,5230.052254,2109.3150684931506,769900.0,2740.0,1540.0
P_truck,0,12310.896021479452,6859.016041068493,5451.879980904109,17313.172753999996,12074.212323999996,5597.238896,7456.462982,2113.6955,5230.052254,2016.4383561643835,736000.0,12879.999999999996,0.0
