Program Name,Simulation,"Average ""True"" Daily Emissions (Kg Methane)","Average ""True"" Mitigable Daily Emissions (Kg Methane)","Average ""True"" Non-Mitigable Daily Emissions (Kg Methane)","95th Percentile ""True"" Daily Emissions (Kg Methane)","95th Percentile ""True"" Mitigable Daily Emissions (Kg Methane)","95th Percentile ""True"" Non-Mitigable Daily Emissions (Kg Methane)","5th Percentile ""True"" Daily Emissions (Kg Methane)","5th Percentile ""True"" Mitigable Daily Emissions (Kg Methane)","5th Percentile ""True"" Non-Mitigable Daily Emissions (Kg Methane)",Average Daily Cost ($),Total Cost ($),95th Percentile Daily Cost ($),5th Percentile Daily Cost ($)
P_aircraft,0,17047.276760794524,11595.396780356165,5451.879980904109,17919.077642,12353.166326,5597.238896,16272.808112,11009.298064,5230.052254,227.12328767123287,82900.0,0.0,0.0
P_drone,0,16977.23186060274,11525.351879780821,5451.879980904109,17890.990076,12327.290906,5597.238896,16111.812958,10845.0182,5230.052254,296.43835616438355,108200.0,1199.9999999999886,0.0
P_none,0,17666.311278739726,12214.431297945206,5451.879980904109,17981.703004,12390.661106,5597.238896,17411.170132,12075.10612,5230.052254,0.0,0.0,0.0,0.0
P_OGI,0,12870.431217616439,7418.551237260273,5451.879980904109,17108.493277999994,11869.532847999995,5597.238896,8731.188608,3351.6488280000003,5230.052254,2227.0465753424655,812872.0,12276.0,0.0
P_stationary,0,16111.513084054794,10659.63310320548,5451.879980904109,17525.293094,12294.712012,5597.238896,15859.315343999999,10407.772780000001,5230.052254,2093.972602739726,764300.0,2819.9999999999955,1540.0
P_truck,0,12316.45347917808,6864.573498191781,5451.879980904109,17326.400949999996,12087.440519999996,5597.238896,7468.171722,2127.951558,5230.052254,2015.890410958904,735800.0,12479.999999999996,0.0
