Program Name,Simulation,"Total ""True"" Mitigated Emissions (Kg Methane)","Total ""True"" Emissions (Kg Methane)","Total ""Estimated"" Emissions (Kg Methane)","Total ""True"" Mitigable Emissions (Kg Methane)","Total ""True"" Non-Mitigable Emissions (Kg Methane)","Average ""True"" Emissions Rate (g/s)","95th Percentile ""True"" Emissions Rate (g/s)","5th Percentile ""True"" Emissions Rate (g/s)","Average ""True"" Emissions Amount (Kg Methane)","95th Percentile ""True"" Emissions Amount (Kg Methane)","5th Percentile ""True"" Emissions Amount (Kg Methane)","Year 2022 ""True"" Mitigated Emissions (Kg Methane)","Year 2022 ""True"" Emissions (Kg Methane)","Year 2022 ""Estimated"" Emissions (Kg Methane)"
P_aircraft,0,136657.5169250016,6391852.744891421,0.0,4626458.988213341,1765393.7566780802,0.031515430982454795,0.095690057,0.002586218,487.59270309645444,1886.4029497017573,12.960053136,136632.37786740033,3338129.411452852,139432.90446109377
P_drone,0,121533.8037985152,6406936.237159804,0.0,4641542.480481724,1765393.7566780802,0.031515430982454795,0.095690057,0.002586218,488.74332421693526,1894.4024261184,13.1835048768,121407.40336211148,3347337.2210192783,137720.31518076494
P_none,0,0.0,6528266.702173555,0.0,4762872.945495475,1765393.7566780802,0.031515430982454795,0.095690057,0.002586218,497.99883302872496,1902.5359868851147,13.1835048768,0.0,3434015.015767852,0.0
P_OGI,0,1865306.8863677667,4665545.79355152,0.0,2900152.03687344,1765393.7566780802,0.031515430982454795,0.095690057,0.002586218,355.90401964692353,1550.55877857216,12.513154752,1840315.275946512,2092158.861557393,2067881.017732428
P_stationary,0,552626.9975121696,5974159.577071104,0.0,4208765.820393024,1765393.7566780802,0.031515430982454795,0.095690057,0.002586218,455.7296191220615,1843.6794662304,12.96005514048,441805.88721995294,3169552.977805344,0.0
P_truck,0,2069816.3210882596,4460920.388690487,0.0,2695526.6320124064,1765393.7566780802,0.031515430982454795,0.095690057,0.002586218,340.29448384243545,1478.3399929439988,12.0662587008,2046454.5803078506,1940915.5840406287,2291963.3362684296
