Program Name,Simulation,"Average ""True"" Daily Emissions (Kg Methane)","Average ""True"" Mitigable Daily Emissions (Kg Methane)","Average ""True"" Non-Mitigable Daily Emissions (Kg Methane)","95th Percentile ""True"" Daily Emissions (Kg Methane)","95th Percentile ""True"" Mitigable Daily Emissions (Kg Methane)","95th Percentile ""True"" Non-Mitigable Daily Emissions (Kg Methane)","5th Percentile ""True"" Daily Emissions (Kg Methane)","5th Percentile ""True"" Mitigable Daily Emissions (Kg Methane)","5th Percentile ""True"" Non-Mitigable Daily Emissions (Kg Methane)",Average Daily Cost ($),Total Cost ($),95th Percentile Daily Cost ($),5th Percentile Daily Cost ($)
P_aircraft,0,17463.385833260276,12639.372321452052,4824.013511589041,17955.78291,13069.633886,4924.47801,16977.89467,12258.513238000001,4669.164938,143.83561643835617,52500.0,0.0,0.0
P_drone,0,17504.679248,12680.665736383562,4824.013511589041,17955.045528,13065.07552,4924.47801,17107.093004000002,12382.92976,4669.164938,154.7945205479452,56500.0,500.0,0.0
P_none,0,17837.146578438354,13013.133066356164,4824.013511589041,18018.214622,13147.70704,4924.47801,17670.609569999997,12829.02377,4669.164938,0.0,0.0,0.0,0.0
P_OGI,0,12730.825156849314,7906.811645506848,4824.013511589041,17248.178835999995,12584.793781999997,4924.47801,8416.817916,3648.389388,4669.164938,2337.731506849315,853272.0,12955.999999999996,0.0
P_stationary,0,16313.770239671234,11489.756728136987,4824.013511589041,17663.049542,13035.133328,4924.47801,16004.475412,11102.476384,4669.164938,2092.876712328767,763900.0,4140.0,1540.0
P_truck,0,12170.030686575343,7346.017174657535,4824.013511589041,17509.659104,12846.274049999996,4924.47801,7136.655024000001,2404.805134,4669.164938,2145.753424657534,783200.0,13600.0,0.0
