Program Name,Simulation,Mitigated Methane (kg),Total Cost ($),Mitigation Ratio ($/tonne CO2e),Value of Mitigated Methane ($)
P_aircraft,0,195026.4734830272,73100.0,13.386461022900521,31776.916623216166
P_drone,0,211644.3915017856,95900.0,16.182805392086678,34484.580797739036
P_OGI,0,1749847.3260077375,806672.0,16.464130245833168,285113.8698703118
P_stationary,0,530685.8487981792,752900.0,50.6689329952564,86468.05569115747
P_truck,0,1937076.31573272,734000.0,13.53291323701404,315620.2923558599
