Program Name,Simulation,"Total ""True"" Mitigated Emissions (Kg Methane)","Total ""True"" Emissions (Kg Methane)","Total ""Estimated"" Emissions (Kg Methane)","Total ""True"" Mitigable Emissions (Kg Methane)","Total ""True"" Non-Mitigable Emissions (Kg Methane)","Average ""True"" Emissions Rate (g/s)","95th Percentile ""True"" Emissions Rate (g/s)","5th Percentile ""True"" Emissions Rate (g/s)","Average ""True"" Emissions Amount (Kg Methane)","95th Percentile ""True"" Emissions Amount (Kg Methane)","5th Percentile ""True"" Emissions Amount (Kg Methane)","Year 2022 ""True"" Mitigated Emissions (Kg Methane)","Year 2022 ""True"" Emissions (Kg Methane)","Year 2022 ""Estimated"" Emissions (Kg Methane)"
P_aircraft,0,195026.4734830272,6275836.048492715,0.0,4292584.524975283,1983251.5235174305,0.031610240475552824,0.095690057,0.002586218,480.20782374265167,1907.1390336134364,12.9600556416,194980.5299139033,3276484.6609654673,311022.64579544525
P_drone,0,211644.3915017856,6259248.966465648,0.0,4275997.4429482175,1983251.5235174305,0.031610240475552824,0.095690057,0.002586218,478.9386308413535,1906.4686836096,12.915363790080017,211393.0396556692,3260294.832405402,355599.1623431235
P_none,0,0.0,6470356.409506656,0.0,4487104.8859892255,1983251.5235174305,0.031610240475552824,0.095690057,0.002586218,495.09192818935315,1922.2442035372767,13.1835048768,0.0,3413615.0038099154,0.0
P_OGI,0,1749847.3260077375,4722872.729279039,0.0,2739621.2057616096,1983251.5235174305,0.031610240475552824,0.095690057,0.002586218,361.37980941763254,1574.6466026016,12.289707936,1725552.8016400808,2152660.279409799,2302065.1768453894
P_stationary,0,530685.8487981792,5938387.291875571,0.0,3955135.7683581407,1983251.5235174305,0.031610240475552824,0.095690057,0.002586218,454.38727460980726,1850.517008317438,12.7366064064,421718.63951772556,3161375.3933464573,0.0
P_truck,0,1937076.31573272,4536291.071924496,0.0,2553039.5484070657,1983251.5235174305,0.031610240475552824,0.095690057,0.002586218,347.1031503500265,1529.5098710880002,12.0662587008,1917436.0159411815,1998883.1474941096,2551736.1912480844
