Program Name,Simulation,"Average ""True"" Daily Emissions (Kg Methane)","Average ""True"" Mitigable Daily Emissions (Kg Methane)","Average ""True"" Non-Mitigable Daily Emissions (Kg Methane)","95th Percentile ""True"" Daily Emissions (Kg Methane)","95th Percentile ""True"" Mitigable Daily Emissions (Kg Methane)","95th Percentile ""True"" Non-Mitigable Daily Emissions (Kg Methane)","5th Percentile ""True"" Daily Emissions (Kg Methane)","5th Percentile ""True"" Mitigable Daily Emissions (Kg Methane)","5th Percentile ""True"" Non-Mitigable Daily Emissions (Kg Methane)",Average Daily Cost ($),Total Cost ($),95th Percentile Daily Cost ($),5th Percentile Daily Cost ($)
P_aircraft,0,17144.9461069863,11726.792265232876,5418.153842219178,17723.663854,12373.27675,5569.72485,16601.29335,11063.551534,5210.180174,200.27397260273972,73100.0,0.0,0.0
P_drone,0,17099.473886,11681.320044164386,5418.153842219178,17699.799478,12348.607966,5569.72485,16510.684696,10977.612968,5210.180174,262.73972602739724,95900.0,1199.9999999999886,0.0
P_none,0,17677.908600520546,12259.754758328765,5418.153842219178,17781.38079,12426.815186,5569.72485,17560.039444,12136.28652,5210.180174,0.0,0.0,0.0,0.0
P_OGI,0,12887.45070221918,7469.296860136986,5418.153842219178,17151.834973999998,11604.700839999996,5569.72485,9060.351642,3571.3440960000003,5210.180174,2210.0602739726028,806672.0,12125.599999999997,0.0
P_stationary,0,16215.069245945208,10796.91540380822,5418.153842219178,17694.526082,12155.279702,5569.72485,15738.272906,10441.424234,5210.180174,2062.7397260273974,752900.0,2740.0,1540.0
P_truck,0,12376.331134630138,6958.177292712328,5418.153842219178,17513.59925,11966.465115999996,5569.72485,7885.641884,2361.590052,5210.180174,2010.958904109589,734000.0,12800.0,0.0
