Program Name,Simulation,"Average ""True"" Daily Emissions (Kg Methane)","Average ""True"" Mitigable Daily Emissions (Kg Methane)","Average ""True"" Non-Mitigable Daily Emissions (Kg Methane)","95th Percentile ""True"" Daily Emissions (Kg Methane)","95th Percentile ""True"" Mitigable Daily Emissions (Kg Methane)","95th Percentile ""True"" Non-Mitigable Daily Emissions (Kg Methane)","5th Percentile ""True"" Daily Emissions (Kg Methane)","5th Percentile ""True"" Mitigable Daily Emissions (Kg Methane)","5th Percentile ""True"" Non-Mitigable Daily Emissions (Kg Methane)",Average Daily Cost ($),Total Cost ($),95th Percentile Daily Cost ($),5th Percentile Daily Cost ($)
P_aircraft,0,12402.600191945205,6984.446349972603,5418.153842219178,17579.650837999998,12032.516701999999,5569.72485,7904.188168000001,2380.1363420000002,5210.180174,1981.0958904109589,723100.0,12800.0,0.0
P_drone,0,12409.999115315068,6991.845273315068,5418.153842219178,17492.014053999996,11944.879919999996,5569.72485,7909.104053999999,2385.0522220000003,5210.180174,2013.150684931507,734800.0,13000.0,0.0
P_none,0,17677.908600520546,12259.754758328765,5418.153842219178,17781.38079,12426.815186,5569.72485,17560.039444,12136.28652,5210.180174,0.0,0.0,0.0,0.0
P_OGI,0,12887.45070221918,7469.296860136986,5418.153842219178,17151.834973999998,11604.700839999996,5569.72485,9060.351642,3571.3440960000003,5210.180174,2210.0602739726028,806672.0,12125.599999999997,0.0
P_stationary,0,15840.688964958903,10422.535122849315,5418.153842219178,17696.000844,12157.871712,5569.72485,15553.286748,10201.03757,5210.180174,2129.5890410958905,777300.0,2540.0,1540.0
P_truck,0,12415.396791315068,6997.2429493972595,5418.153842219178,17483.835816,11936.701679999996,5569.72485,7931.2255239999995,2407.1736920000003,5210.180174,2002.7397260273972,731000.0,13000.0,0.0
